product_code,product_name,product_description,MRP,our_price,a. Whole Sale Price,shipping _charge,product_category,product_subcategory,product_subtopic,products_pagetitle,products_metadescription,products_keywords,image_url,Sub_Description ,brand,status
PeC451,"Colgate Toothpaste Max Fresh Blue, Pack Of 3 U X 80 g",,135,,,,Personal Care,Oral Care,Tooth Paste,"Colgate Toothpaste Max Fresh Blue, Pack Of 3 U X 80 g",,,p451.jpg,,Colgate,1
PeC452,"Colgate Toothpaste Max Fresh Red, Pack Of 3 U X 80 g",,135,,,,Personal Care,Oral Care,Tooth Paste,"Colgate Toothpaste Max Fresh Red, Pack Of 3 U X 80 g",,,p452.jpg,,Colgate,1
PeC453,"Close Up Toothpaste Red, 300 g",,145,,,,Personal Care,Oral Care,Tooth Paste,"Close Up Toothpaste Red, 300 g",,,p453.jpg,,Close Up,1
PeC454,"Pepsodent-G Toothpaste Gum Care, 100 g",,44,,,,Personal Care,Oral Care,Tooth Paste,"Pepsodent-G Toothpaste Gum Care, 100 g",,,p454.jpg,,Pepsodent,1
PeC455,"Pepsodent Toothpaste Gum Care, 300 g",,109,,,,Personal Care,Oral Care,Tooth Paste,"Pepsodent Toothpaste Gum Care, 300 g",,,p455.jpg,,Pepsodent,1
PeC456,Pepsodent 2 In 1 Toothpaste 150 g,,86,,,,Personal Care,Oral Care,Tooth Paste,Pepsodent 2 In 1 Toothpaste 150 g,,,p456.jpg,,Pepsodent,1
PeC457,"Close Up Toothpaste Red, Pack Of 12 X 35 g",,120,,,,Personal Care,Oral Care,Tooth Paste,"Close Up Toothpaste Red, Pack Of 12 X 35 g",,,p457.jpg,,Close Up,1
PeC458,"Colgate Toothpaste Cibaca, Pack Of 12 U X 35 g",,120,,,,Personal Care,Oral Care,Tooth Paste,"Colgate Toothpaste Cibaca, Pack Of 12 U X 35 g",,,p458.jpg,,Colgate,1
PeC459,"Colgate Toothpaste Sensitive, 80 g",,95,,,,Personal Care,Oral Care,Tooth Paste,"Colgate Toothpaste Sensitive, 80 g",,,p459.jpg,,Colgate,1
PeC460,"Colgate Toothpaste Max Fresh Blue, 150 g",,86,,,,Personal Care,Oral Care,Tooth Paste,"Colgate Toothpaste Max Fresh Blue, 150 g",,,p460.jpg,,Colgate,1
PeC461,"Colgate Toothpaste Max Fresh Red, 150 g",,86,,,,Personal Care,Oral Care,Tooth Paste,"Colgate Toothpaste Max Fresh Red, 150 g",,,p461.jpg,,Colgate,1
PeC462,"Colgate Toothpaste Cibaca, 175 g",,44,,,,Personal Care,Oral Care,Tooth Paste,"Colgate Toothpaste Cibaca, 175 g",,,p462.jpg,,Colgate,1
PeC463,Close Up Toothpaste Deep Action Red Hot 150 gm Tube,,86,,,,Personal Care,Oral Care,Tooth Paste,Close Up Toothpaste Deep Action Red Hot 150 gm Tube,,,p463.jpg,,Close Up,1
PeC464,Close Up Toothpaste Deep Action Red Hot 80 gm Tube,,45,,,,Personal Care,Oral Care,Tooth Paste,Close Up Toothpaste Deep Action Red Hot 80 gm Tube,,,p464.jpg,,Close Up,1
PeC465,Close Up Tooth Paste Deep Action Eucalyptus Mint 150 gm Carton,,100,,,,Personal Care,Oral Care,Tooth Paste,Close Up Tooth Paste Deep Action Eucalyptus Mint 150 gm Carton,,,p465.jpg,,Close Up,1
PeC466,"Colgate Toothpaste Active Salt, Pack Of 6 U X 50 g",,108,,,,Personal Care,Oral Care,Tooth Paste,"Colgate Toothpaste Active Salt, Pack Of 6 U X 50 g",,,p466.jpg,,Colgate,1
PeC467,"Colgate Toothpaste Active Salt, Pack Of 3 U X 100 g",,138,,,,Personal Care,Oral Care,Tooth Paste,"Colgate Toothpaste Active Salt, Pack Of 3 U X 100 g",,,p467.jpg,,Colgate,1
PeC468,"Colgate Toothpaste Active Salt, 200 g",,86,,,,Personal Care,Oral Care,Tooth Paste,"Colgate Toothpaste Active Salt, 200 g",,,p468.jpg,,Colgate,1
PeC469,"Colgate Dental Cream Toothpaste Dental Cream, Pack Of 12 ...",,60,,,,Personal Care,Oral Care,Tooth Paste,"Colgate Dental Cream Toothpaste Dental Cream, Pack Of 12",,,p469.jpg,,Colgate,1
PeC470,"Colgate Dental Cream Toothpaste Dental Cream, Pack Of 12 ...",,204,,,,Personal Care,Oral Care,Tooth Paste,"Colgate Dental Cream Toothpaste Dental Cream, Pack Of 12 ",,,p470.jpg,,Colgate,1
PeC471,"Colgate Dental Cream Toothpaste Dental Cream, Pack Of 6 U...",,252,,,,Personal Care,Oral Care,Tooth Paste,"Colgate Dental Cream Toothpaste Dental Cream, Pack Of 6 U",,,p471.jpg,,Colgate,1
PeC472,"Colgate Dental Cream Toothpaste Dental Cream, 200 g",,80,,,,Personal Care,Oral Care,Tooth Paste,"Colgate Dental Cream Toothpaste Dental Cream, 200 g",,,p472.jpg,,Colgate,1
PeC473,"Colgate Dental Cream Toothpaste Dental Cream,(200 + 100) ...",,122,,,,Personal Care,Oral Care,Tooth Paste,"Colgate Dental Cream Toothpaste Dental Cream, 200 + 100",,,p473.jpg,,Colgate,1
PeC474,Meswak Toothpaste 200 g,,84,,,,Personal Care,Oral Care,Tooth Paste,Meswak Toothpaste 200 g,,,p474.jpg,,Meswak,1
PeC475,"Babool Toothpaste Neem, 200 g",,44,,,,Personal Care,Oral Care,Tooth Paste,"Babool Toothpaste Neem, 200 g",,,p475.jpg,,Babool,1
PeC476,"Dabur Toothpaste Red, 50 g",,18,,,,Personal Care,Oral Care,Tooth Paste,"Dabur Toothpaste Red, 50 g",,,p476.jpg,,Dabur,1
PeC477,"Dabur Toothpaste Red, 100 g",,45,,,,Personal Care,Oral Care,Tooth Paste,"Dabur Toothpaste Red, 100 g",,,p477.jpg,,Dabur,1
PeC478,Anchor White Toothpaste 200 g,,54,,,,Personal Care,Oral Care,Tooth Paste,Anchor White Toothpaste 200 g,,,p478.jpg,,Anchor,1
PeC479,Close Up Toothpaste Pack Of 156 U X 35 g,,1560,,,,Personal Care,Oral Care,Tooth Paste,Close Up Toothpaste Pack Of 156 U X 35 g,,,p479.jpg,,Close Up,1
PeC480,"Sensodyne Toothpaste, 150 g",,150,,,,Personal Care,Oral Care,Tooth Paste,"Sensodyne Toothpaste, 150 g",,,p480.jpg,,Sensodyne,1
PeC481,"Close Up Diamond Attraction Power White, 50 g",,45,,,,Personal Care,Oral Care,Tooth Paste,"Close Up Diamond Attraction Power White, 50 g",,,p481.jpg,,Close Up,1
PeC482,"Colgate Toothpaste Visible White & Shine, 100 g",,99,,,,Personal Care,Oral Care,Tooth Paste,"Colgate Toothpaste Visible White & Shine, 100 g",,,p482.jpg,,Colgate,1
PeC483,"Sensodyne Toothpaste, 150 g",,150,,,,Personal Care,Oral Care,Tooth Paste,"Sensodyne Toothpaste, 150 g",,,p483.jpg,,Sensodyne,1
PeC484,"Close Up Toothpaste Red, 40 g",,17,,,,Personal Care,Oral Care,Tooth Paste,"Close Up Toothpaste Red, 40 g",,,p484.jpg,,Close Up,1
PeC485,"Close Up Toothpaste Red, Pack Of 12 U X 15 g",,60,,,,Personal Care,Oral Care,Tooth Paste,"Close Up Toothpaste Red, Pack Of 12 U X 15 g",,,p485.jpg,,Close Up,1
PeC486,"Pepsodent-G Toothpaste Gum Care, 150 g",,94,,,,Personal Care,Oral Care,Tooth Paste,"Pepsodent-G Toothpaste Gum Care, 150 g",,,p486.jpg,,Pepsodent,1
PeC487,Promise Tooth Paste Anti Cavity 170gm,,72,,,,Personal Care,Oral Care,Tooth Paste,Promise Tooth Paste Anti Cavity 170gm,,,p487.jpg,,Promise,1
PeC488,Pathanjali Dant Kanti Regular Dental Tooth Paste,,35,,,,Personal Care,Oral Care,Tooth Paste,Pathanjali Dant Kanti Regular Dental  Tooth Paste,,,p488.jpg,,Patanjali,1
PeC489,Vicco Vajradanti Ayurvedic Medicine ,,122,,,,Personal Care,Oral Care,Tooth Paste,Vicco Vajradanti Ayurvedic Medicine ,,,p489.jpg,,Vicco,1
PeC490,"Oral B Tooth Brush Super Thin, Buy 2 Get 1 Free",,100,,,,Personal Care,Oral Care,Tooth Brush,"Oral B Tooth Brush Super Thin, Buy 2 Get 1 Free",,,p490.jpg,,Oral B,1
PeC491,"Oral B Tooth Brush Gum Care 720, Buy 2 Get 1 Free",,158,,,,Personal Care,Oral Care,Tooth Brush,"Oral B Tooth Brush Gum Care 720, Buy 2 Get 1 Free",,,p491.jpg,,Oral B,1
PeC492,"Colgate Tooth Brush Charcoal Twin Pack, Slim Soft",,110,,,,Personal Care,Oral Care,Tooth Brush,"Colgate Tooth Brush Charcoal Twin Pack, Slim Soft",,,p492.jpg,,Colgate,1
PeC493,"Colgate Toothbrush 360 Degree, Base",,65,,,,Personal Care,Oral Care,Tooth Brush,"Colgate Toothbrush 360 Degree, Base",,,p493.jpg,,Colgate,1
PeC494,"Colgate Toothbrush Kids, 0-2 years",,25,,,,Personal Care,Oral Care,Tooth Brush,"Colgate Toothbrush Kids, 0-2 years",,,p494.jpg,,Colgate,1
PeC495,"Ajay Toothbrush Complete Premium, Pack Of 12 U",,216,,,,Personal Care,Oral Care,Tooth Brush,"Ajay Toothbrush Complete Premium, Pack Of 12 U",,,p495.jpg,,Ajay,1
PeC496,"Colgate Toothbrush Super Shine, Pack Of 12 U",,240,,,,Personal Care,Oral Care,Tooth Brush,"Colgate Toothbrush Super Shine, Pack Of 12 U",,,p496.jpg,,Colgate,1
PeC497,"Pepsodent Toothbrush Triple Clean Soft , Pack Of 12 U",,180,,,,Personal Care,Oral Care,Tooth Brush,"Pepsodent Toothbrush Triple Clean Soft , Pack Of 12 U",,,p497.jpg,,Pepsodent,1
PeC498,"Sensodyne Toothbrush Buy 2 get 1 FREE, Sensitive",,100,,,,Personal Care,Oral Care,Tooth Brush,"Sensodyne Toothbrush Buy 2 get 1 FREE, Sensitive",,,p498.jpg,,Sensodyne,1
PeC499,"Ajay Toothbrush Sensitive, Pack Of 6 U",,210,,,,Personal Care,Oral Care,Tooth Brush,"Ajay Toothbrush Sensitive, Pack Of 6 U",,,p499.jpg,,Ajay,1
PeC500,"Ajay Toothbrush Quest, Soft",,22,,,,Personal Care,Oral Care,Tooth Brush,"Ajay Toothbrush Quest, Soft",,,p500.jpg,,Ajay,1
PeC501,"Colgate Toothbrush Sensitive, Buy 2 get 1 Free",,90,,,,Personal Care,Oral Care,Tooth Brush,"Colgate Toothbrush Sensitive, Buy 2 get 1 Free",,,p501.jpg,,Colgate,1
PeC502,"Oral B Tooth Brush Whitening, Buy 2 Get 1 Free",,80,,,,Personal Care,Oral Care,Tooth Brush,"Oral B Tooth Brush Whitening, Buy 2 Get 1 Free",,,p502.jpg,,Oral B,1
PeC503,Sensodyne Toothbrush Sensitive,,50,,,,Personal Care,Oral Care,Tooth Brush,Sensodyne Toothbrush Sensitive,,,p503.jpg,,Sensodyne,1
PeC504,"Colgate Toothbrush Super Flexi, Twin Pack Of 6",,162,,,,Personal Care,Oral Care,Tooth Brush,"Colgate Toothbrush Super Flexi, Twin Pack Of 6",,,p504.jpg,,Colgate,1
PeC505,"Colgate Toothbrush Zig Zag, Buy 2, Get 1 Free",,50,,,,Personal Care,Oral Care,Tooth Brush,"Colgate Toothbrush Zig Zag, Buy 2, Get 1 Free",,,p505.jpg,,Colgate,1
PeC506,"Colgate Toothbrush Zig Zag, Twin Pack Of 6 U",,222,,,,Personal Care,Oral Care,Tooth Brush,"Colgate Toothbrush Zig Zag, Twin Pack Of 6 U",,,p506.jpg,,Colgate,1
PeC507,"Colgate Kids Toothbrush 2+ Years, Gentle Soft, Pack Of 6 U",,108,,,,Personal Care,Oral Care,Tooth Brush,"Colgate Kids Toothbrush 2+ Years, Gentle Soft, Pack Of 6 U",,,p507.jpg,,Colgate,1
PeC508,"Oral B Toothbrush Cross Action Medium, Pack Of 6 U",,414,,,,Personal Care,Oral Care,Tooth Brush,"Oral B Toothbrush Cross Action Medium, Pack Of 6 U",,,p508.jpg,,Oral B,1
PeC509,"Oral B Toothbrush Shiny Clean, Pack Of 12 U",,192,,,,Personal Care,Oral Care,Tooth Brush,"Oral B Toothbrush Shiny Clean, Pack Of 12 U",,,p509.jpg,,Oral B,1
PeC510,"Oral B Toothbrush 123, Tooth Brush Medium, Pack Of 6 U",,144,,,,Personal Care,Oral Care,Tooth Brush,"Oral B Toothbrush 123, Tooth Brush Medium, Pack Of 6 U",,,p510.jpg,,Oral B,1
PeC511,"Colgate Toothbrush Super Flexi, Pack Of 12 U",,192,,,,Personal Care,Oral Care,Tooth Brush,"Colgate Toothbrush Super Flexi, Pack Of 12 U",,,p511.jpg,,Colgate,1
PeC512,"Colgate Toothbrush Extra Clean, Pack Of 12 U",,216,,,,Personal Care,Oral Care,Tooth Brush,"Colgate Toothbrush Extra Clean, Pack Of 12 U",,,p512.jpg,,Colgate,1
PeC513,"Colgate Toothbrush Zig Zag, Pack Of 6 U",,150,,,,Personal Care,Oral Care,Tooth Brush,"Colgate Toothbrush Zig Zag, Pack Of 6 U",,,p513.jpg,,Colgate,1
PeC514,"Colgate Toothbrush Sensitive, Pack Of 6 U",,270,,,,Personal Care,Oral Care,Tooth Brush,"Colgate Toothbrush Sensitive, Pack Of 6 U",,,p514.jpg,,Colgate,1
PeC515,"Pepsodent Fighter Toothbrush, Pack Of 12 U",,204,,,,Personal Care,Oral Care,Tooth Brush,"Pepsodent Fighter Toothbrush, Pack Of 12 U",,,p515.jpg,,Pepsodent,1
PeC516,Trisa Tongue Cleaner 1 Nos Pouch,,249,,,,Personal Care,Oral Care,Tooth Brush,Trisa Tongue Cleaner 1 Nos Pouch,,,p516.jpg,,Trisa,1
PeC517,Chicco extra Soft Tooth Brush Pink,,229,,,,Personal Care,Oral Care,Tooth Brush,Chicco extra Soft Tooth Brush Pink,,,p517.jpg,,Chicco,1
PeC518,Johnson &Johnson Baby Tooth Brush 1pc,,30,,,,Personal Care,Oral Care,Tooth Brush,Johnson &Johnson Baby Tooth Brush 1pc,,,p518.jpg,,Johnson & Johnsons,1
PeC519,Vivel Mixed Fruit & Cream Soap Pack of 3 X 100 g,,70,,,,Personal Care,Hand & Body Wash,Body Wash,Vivel Mixed Fruit & Cream Soap Pack of 3 X 100 g,,,p519.jpg,,Vivel,1
PeC520,"Fiama Di Wills Soap Pure Rio Splash, 75 g",,36,,,,Personal Care,Hand & Body Wash,Body Wash,"Fiama Di Wills Soap Pure Rio Splash, 75 g",,,p520.jpg,,Fiama,1
PeC521,"Fiama Di Wills Soap Mild Dew, 75 g",,36,,,,Personal Care,Hand & Body Wash,Body Wash,"Fiama Di Wills Soap Mild Dew, 75 g",,,p521.jpg,,Fiama,1
PeC522,"Fiama Di Wills Soap La Fantasia, 75 g",,36,,,,Personal Care,Hand & Body Wash,Body Wash,"Fiama Di Wills Soap La Fantasia, 75 g",,,p522.jpg,,Fiama,1
PeC523,"Dettol Soap Sandal Glow, 75 g",,24,,,,Personal Care,Hand & Body Wash,Body Wash,"Dettol Soap Sandal Glow, 75 g",,,p523.jpg,,Dettol,1
PeC524,"Dettol Soap Sandal Glow, 125 g",,39,,,,Personal Care,Hand & Body Wash,Body Wash,"Dettol Soap Sandal Glow, 125 g",,,p524.jpg,,Dettol,1
PeC525,"Lifebuoy Soap, Total, 60 g",,10,,,,Personal Care,Hand & Body Wash,Body Wash,"Lifebuoy Soap, Total, 60 g",,,p525.jpg,,Lifebuoy,1
PeC526,"Lifebuoy Soap, Care, 59 g",,10,,,,Personal Care,Hand & Body Wash,Body Wash,"Lifebuoy Soap, Care, 59 g",,,p526.jpg,,Lifebuoy,1
PeC527,"Dettol Soap Original, 50 g",,10,,,,Personal Care,Hand & Body Wash,Body Wash,"Dettol Soap Original, 50 g",,,p527.jpg,,Dettol,1
PeC528,"Yardley Soap English Rose, 75 g",,58,,,,Personal Care,Hand & Body Wash,Body Wash,"Yardley Soap English Rose, 75 g",,,p528.jpg,,Yardley,1
PeC529,"Fair & Lovely Facewash English Lavender, 75 g",,58,,,,Personal Care,Hand & Body Wash,Body Wash,"Fair & Lovely Facewash English Lavender, 75 g",,,p529.jpg,,Fair & Lovely,1
PeC530,"Dermicool Soap Cooling & Protection, 45 g",,10,,,,Personal Care,Hand & Body Wash,Body Wash,"Dermicool Soap Cooling & Protection, 45 g",,,p530.jpg,,Dermicool,1
PeC531,"Lifebuoy Soap Lemon Fresh, 59 g",,10,,,,Personal Care,Hand & Body Wash,Body Wash,"Lifebuoy Soap Lemon Fresh, 59 g",,,p531.jpg,,Lifebuoy,1
PeC532,"Lifebuoy Soap Lemon Fresh, 125 g",,24,,,,Personal Care,Hand & Body Wash,Body Wash,"Lifebuoy Soap Lemon Fresh, 125 g",,,p532.jpg,,Lifebuoy,1
PeC533,"Fiama Di Wills Soap Clear Springs, Pack Of 3 U X 125 g",,168,,,,Personal Care,Hand & Body Wash,Body Wash,"Fiama Di Wills Soap Clear Springs, Pack Of 3 U X 125 g",,,p533.jpg,,Fiama,1
PeC534,"Fiama Di Wills Soap Mild Dew, Pack Of 3 U X 125 g",,168,,,,Personal Care,Hand & Body Wash,Body Wash,"Fiama Di Wills Soap Mild Dew, Pack Of 3 U X 125 g",,,p534.jpg,,Fiama,1
PeC535,"Lux Soap Strawberry & Cream, Pack Of 24 U X 30 g",,120,,,,Personal Care,Hand & Body Wash,Body Wash,"Lux Soap Strawberry & Cream, Pack Of 24 U X 30 g",,,p535.jpg,,Lux,1
PeC536,"Nivea Shower Gel Lemon And Oil, 250 ml",,185,,,,Personal Care,Hand & Body Wash,Body Wash,"Nivea Shower Gel Lemon And Oil, 250 ml",,,p536.jpg,,Nivea,1
PeC537,"Nivea Shower Gel Pure Impact, 250 ml",,185,,,,Personal Care,Hand & Body Wash,Body Wash,"Nivea Shower Gel Pure Impact, 250 ml",,,p537.jpg,,Nivea,1
PeC538,"Lux Shower Gel Strawberry & Cream, 240 ml",,150,,,,Personal Care,Hand & Body Wash,Body Wash,"Lux Shower Gel Strawberry & Cream, 240 ml",,,p538.jpg,,Lux,1
PeC539,"Nivea Creme Soap Creme, Pack of 4 U X 75 g",,125,,,,Personal Care,Hand & Body Wash,Body Wash,"Nivea Creme Soap Creme, Pack of 4 U X 75 g",,,p539.jpg,,Nivea,1
PeC540,"Palmolive Shower Gel Aroma Therapy Absolute Relax, 250 ml",,145,,,,Personal Care,Hand & Body Wash,Body Wash,"Palmolive Shower Gel Aroma Therapy Absolute Relax, 250 ml",,,p540.jpg,,Palmolive,1
PeC541,"Palmolive Shower Gel Thermal Spa Skin Renewal, 250 ml",,145,,,,Personal Care,Hand & Body Wash,Body Wash,"Palmolive Shower Gel Thermal Spa Skin Renewal, 250 ml",,,p541.jpg,,Palmolive,1
PeC542,"Lux Soap Strawberry & Cream, 150 g",,38,,,,Personal Care,Hand & Body Wash,Body Wash,"Lux Soap Strawberry & Cream, 150 g",,,p542.jpg,,Lux,1
PeC543,"Rexona Soap Coconut & Olive Oils, 100 g",,24,,,,Personal Care,Hand & Body Wash,Body Wash,"Rexona Soap Coconut & Olive Oils, 100 g",,,p543.jpg,,Rexona,1
PeC544,"Pears Soap Oil Control, 75 g",,36,,,,Personal Care,Hand & Body Wash,Body Wash,"Pears Soap Oil Control, 75 g",,,p544.jpg,,Pears,1
PeC545,"Pears Soap Pure & Gentle, 75 g",,36,,,,Personal Care,Hand & Body Wash,Body Wash,"Pears Soap Pure & Gentle, 75 g",,,p545.jpg,,Pears,1
PeC546,"Pears Soap Pure & Gentle, 50 g",,22,,,,Personal Care,Hand & Body Wash,Body Wash,"Pears Soap Pure & Gentle, 50 g",,,p546.jpg,,Pears,1
PeC547,"Lux Soap Strawberry & Cream, 100 g",,24,,,,Personal Care,Hand & Body Wash,Body Wash,"Lux Soap Strawberry & Cream, 100 g",,,p547.jpg,,Lux,1
PeC548,"Lux Soap Sandal & Cream, 100 g",,24,,,,Personal Care,Hand & Body Wash,Body Wash,"Lux Soap Sandal & Cream, 100 g",,,p548.jpg,,Lux,1
PeC549,"Lux Soap Peach & Cream, 100 g",,24,,,,Personal Care,Hand & Body Wash,Body Wash,"Lux Soap Peach & Cream, 100 g",,,p549.jpg,,Lux,1
PeC550,"Lux Soap International, 75 g",,28,,,,Personal Care,Hand & Body Wash,Body Wash,"Lux Soap International, 75 g",,,p550.jpg,,Lux,1
PeC551,"Lux Soap International, 125 g",,48,,,,Personal Care,Hand & Body Wash,Body Wash,"Lux Soap International, 125 g",,,p551.jpg,,Lux,1
PeC552,"Liril 2000 Soap Tea Tree Oil, 75 g",,30,,,,Personal Care,Hand & Body Wash,Body Wash,"Liril 2000 Soap Tea Tree Oil, 75 g",,,p552.jpg,,Liril,1
PeC553,"Lifebuoy Soap Total, 125 g",,24,,,,Personal Care,Hand & Body Wash,Body Wash,"Lifebuoy Soap Total, 125 g",,,p553.jpg,,Lifebuoy,1
PeC554,"Hamam Soap Neem, Tulsi & Aloe Vera, 100 g",,26,,,,Personal Care,Hand & Body Wash,Body Wash,"Hamam Soap Neem, Tulsi & Aloe Vera, 100 g",,,p554.jpg,,Hamam,1
PeC555,"Dove Soap Moisturizing Cream, 75 g",,48,,,,Personal Care,Hand & Body Wash,Body Wash,"Dove Soap Moisturizing Cream, 75 g",,,p555.jpg,,Dove,1
PeC556,"Vivel Luxury Creme Soap Shea Butter, Pack Of 4 U X 101 g",,140,,,,Personal Care,Hand & Body Wash,Body Wash,"Vivel Luxury Creme Soap Shea Butter, Pack Of 4 U X 101 g",,,p556.jpg,,Vivel,1
PeC557,"Vivel Luxury Creme Soap Olive Butter, Pack Of 4 U X 101 g",,140,,,,Personal Care,Hand & Body Wash,Body Wash,"Vivel Luxury Creme Soap Olive Butter, Pack Of 4 U X 101 g",,,p557.jpg,,Vivel,1
PeC558,"Vivel Soap Satin Soft, Pack Of 4 U X 150 g",,144,,,,Personal Care,Hand & Body Wash,Body Wash,"Vivel Soap Satin Soft, Pack Of 4 U X 150 g",,,p558.jpg,,Vivel,1
PeC559,"Vivel Soap Satin Soft, Pack Of 3 U X 90 g",,70,,,,Personal Care,Hand & Body Wash,Body Wash,"Vivel Soap Satin Soft, Pack Of 3 U X 90 g",,,p559.jpg,,Vivel,1
PeC560,"Lux Soap Strawberry & Cream, Case Of 144 U X 100 g",,3456,,,,Personal Care,Hand & Body Wash,Body Wash,"Lux Soap Strawberry & Cream, Case Of 144 U X 100 g",,,p560.jpg,,Lux,1
PeC561,"Lifebuoy Soap Total, Pack Of 126 U X 125 g",,3024,,,,Personal Care,Hand & Body Wash,Body Wash,"Lifebuoy Soap Total, Pack Of 126 U X 125 g",,,p561.jpg,,Lifebuoy,1
PeC562,Mysore Sandal Soap Pack Of 6 U X 150 g,,360,,,,Personal Care,Hand & Body Wash,Body Wash,Mysore Sandal Soap Pack Of 6 U X 150 g,,,p562.jpg,,Mysore Sandal,1
PeC563,"Santoor Soap Sandal & Almond, Pack Of 4 U X 125 g",,152,,,,Personal Care,Hand & Body Wash,Body Wash,"Santoor Soap Sandal & Almond, Pack Of 4 U X 125 g",,,p563.jpg,,Santoor,1
PeC564,"Lifebuoy Soap Clini Care Complete, Pack Of 3 U X 125 g",,145,,,,Personal Care,Hand & Body Wash,Body Wash,"Lifebuoy Soap Clini Care Complete, Pack Of 3 U X 125 g",,,p564.jpg,,Lifebuoy,1
PeC565,"Mysore Sandal Soap Gold, 125 g",,70,,,,Personal Care,Hand & Body Wash,Body Wash,"Mysore Sandal Soap Gold, 125 g",,,p565.jpg,,Mysore Sandal,1
PeC566,Mysore Sandal Soap 125 g,,52,,,,Personal Care,Hand & Body Wash,Body Wash,Mysore Sandal Soap 125 g,,,p566.jpg,,Mysore Sandal,1
PeC567,Mysore Sandal Soap 75 g,,32,,,,Personal Care,Hand & Body Wash,Body Wash,Mysore Sandal Soap 75 g,,,p567.jpg,,Mysore Sandal,1
PeC568,"Pears Shower Gel Pure & Gentle, 250 ml",,170,,,,Personal Care,Hand & Body Wash,Body Wash,"Pears Shower Gel Pure & Gentle, 250 ml",,,p568.jpg,,Pears,1
PeC569,Chandrika Soap Pack Of 3 U X 115 g,,120,,,,Personal Care,Hand & Body Wash,Body Wash,Chandrika Soap Pack Of 3 U X 115 g,,,p569.jpg,,Chandrika,1
PeC570,"Santoor Soap Sandal & Almond, Pack Of 4 U X 100 g",,94,,,,Personal Care,Hand & Body Wash,Body Wash,"Santoor Soap Sandal & Almond, Pack Of 4 U X 100 g",,,p570.jpg,,Santoor,1
PeC571,"Santoor Soap Sandal & Turmeric, Pack Of 4 U X 100 g",,92,,,,Personal Care,Hand & Body Wash,Body Wash,"Santoor Soap Sandal & Turmeric, Pack Of 4 U X 100 g",,,p571.jpg,,Santoor,1
PeC572,"Santoor Soap Sandal & Turmeric, 150 g",,38,,,,Personal Care,Hand & Body Wash,Body Wash,"Santoor Soap Sandal & Turmeric, 150 g",,,p572.jpg,,Santoor,1
PeC573,"Santoor Soap Sandal & Turmeric, 100 g",,24,,,,Personal Care,Hand & Body Wash,Body Wash,"Santoor Soap Sandal & Turmeric, 100 g",,,p573.jpg,,Santoor,1
PeC574,"Santoor Soap Sandal & Turmeric, Pack OF 24 U X 30 g",,120,,,,Personal Care,Hand & Body Wash,Body Wash,"Santoor Soap Sandal & Turmeric, Pack OF 24 U X 30 g",,,p574.jpg,,Santoor,1
PeC575,"Lifebuoy Soap Clini Care Fresh, 75 g",,30,,,,Personal Care,Hand & Body Wash,Body Wash,"Lifebuoy Soap Clini Care Fresh, 75 g",,,p575.jpg,,Lifebuoy,1
PeC576,"Cinthol Soap Original, 100 g",,33,,,,Personal Care,Hand & Body Wash,Body Wash,"Cinthol Soap Original, 100 g",,,p576.jpg,,Cinthol,1
PeC577,"Lifebuoy Soap Total, Pack Of 288 U X 35 g",,1440,,,,Personal Care,Hand & Body Wash,Body Wash,"Lifebuoy Soap Total, Pack Of 288 U X 35 g",,,p577.jpg,,Lifebuoy,1
PeC578,"Lux Soap Strawberry & Cream, Pack Of 3 U X 100 g",,73,,,,Personal Care,Hand & Body Wash,Body Wash,"Lux Soap Strawberry & Cream, Pack Of 3 U X 100 g",,,p578.jpg,,Lux,1
PeC579,"Lux Soap Peach & Cream, Pack Of 3 U X 100 g",,73,,,,Personal Care,Hand & Body Wash,Body Wash,"Lux Soap Peach & Cream, Pack Of 3 U X 100 g",,,p579.jpg,,Lux,1
PeC580,"Lifebuoy Soap Total, Pack of 3 U X 100 g",,58,,,,Personal Care,Hand & Body Wash,Body Wash,"Lifebuoy Soap Total, Pack of 3 U X 100 g",,,p580.jpg,,Lifebuoy,1
PeC581,"Lifebuoy Soap Total, Pack of 24 U X 35 g",,120,,,,Personal Care,Hand & Body Wash,Body Wash,"Lifebuoy Soap Total, Pack of 24 U X 35 g",,,p581.jpg,,Lifebuoy,1
PeC582,"Cinthol Soap Deo, PACK OF 3 X 100 g",,88,,,,Personal Care,Hand & Body Wash,Body Wash,"Cinthol Soap Deo, PACK OF 3 X 100 g",,,p582.jpg,,Cinthol,1
PeC583,"Godrej No.1 Soap Lime and Aloe Vera, Pack of 4 X 100 g",,68,,,,Personal Care,Hand & Body Wash,Body Wash,"Godrej No.1 Soap Lime and Aloe Vera, Pack of 4 X 100 g",,,p583.jpg,,Godrej No 1,1
PeC584,"Godrej No.1 Soap Lime and Aloe Vera, Pack of 4 X 68 g",,40,,,,Personal Care,Hand & Body Wash,Body Wash,"Godrej No.1 Soap Lime and Aloe Vera, Pack of 4 X 68 g",,,p584.jpg,,Godrej No 1,1
PeC585,"Dettol Soap Cool, Pack Of 3 X 120 g",,111,,,,Personal Care,Hand & Body Wash,Body Wash,"Dettol Soap Cool, Pack Of 3 X 120 g",,,p585.jpg,,Dettol,1
PeC586,"Pears Soap Germshield, 75 g",,36,,,,Personal Care,Hand & Body Wash,Body Wash,"Pears Soap Germshield, 75 g",,,p586.jpg,,Pears,1
PeC587,"Dettol Soap Original, Pack Of 3 U X 75 g",,66,,,,Personal Care,Hand & Body Wash,Body Wash,"Dettol Soap Original, Pack Of 3 U X 75 g",,,p587.jpg,,Dettol,1
PeC588,"Dove Soap Moisturizing Cream, 50 g",,25,,,,Personal Care,Hand & Body Wash,Body Wash,"Dove Soap Moisturizing Cream, 50 g",,,p588.jpg,,Dove,1
PeC589,"Dettol Soap Original, 125 g",,39,,,,Personal Care,Hand & Body Wash,Body Wash,"Dettol Soap Original, 125 g",,,p589.jpg,,Dettol,1
PeC590,"Godrej No.1 Soap Lavender, Pack of 4 X 100 g",,68,,,,Personal Care,Hand & Body Wash,Body Wash,"Godrej No.1 Soap Lavender, Pack of 4 X 100 g",,,p590.jpg,,Godrej No 1,1
PeC591,"Godrej No.1 Soap Sandal and Turmeric, Pack of 4 X 68 g",,40,,,,Personal Care,Hand & Body Wash,Body Wash,"Godrej No.1 Soap Sandal and Turmeric, Pack of 4 X 68 g",,,p591.jpg,,Godrej No 2,1
PeC592,"Godrej No.1 Soap Rosewater and Almonds, Pack Of 4 U X 68 g",,40,,,,Personal Care,Hand & Body Wash,Body Wash,"Godrej No.1 Soap Rosewater and Almonds, Pack Of 4 U X 68 g",,,p592.jpg,,Godrej No 3,1
PeC593,"Godrej No.1 Soap Sandal and Turmeric, Pack Of 4 U X 100 g",,68,,,,Personal Care,Hand & Body Wash,Body Wash,"Godrej No.1 Soap Sandal and Turmeric, Pack Of 4 U X 100 g",,,p593.jpg,,Godrej No 4,1
PeC594,"Godrej No.1 Soap Jasmine, Pack Of 4 U X 100 g",,68,,,,Personal Care,Hand & Body Wash,Body Wash,"Godrej No.1 Soap Jasmine, Pack Of 4 U X 100 g",,,p594.jpg,,Godrej No 5,1
PeC595,"Cinthol Soap Lime, Pack Of 3 U X 125 g",,90,,,,Personal Care,Hand & Body Wash,Body Wash,"Cinthol Soap Lime, Pack Of 3 U X 125 g",,,p595.jpg,,Cinthol,1
PeC596,"Cinthol Soap Cool, Pack Of 3 U X 100 g",,88,,,,Personal Care,Hand & Body Wash,Body Wash,"Cinthol Soap Cool, Pack Of 3 U X 100 g",,,p596.jpg,,Cinthol,1
PeC597,"Dove Soap Moisturizing Cream, Pack OF 3 U X 100 g",,182,,,,Personal Care,Hand & Body Wash,Body Wash,"Dove Soap Moisturizing Cream, Pack OF 3 U X 100 g",,,p597.jpg,,Dove,1
PeC598,"Dettol Soap Skincare, 125 g",,41,,,,Personal Care,Hand & Body Wash,Body Wash,"Dettol Soap Skincare, 125 g",,,p598.jpg,,Dettol,1
PeC599,"Dettol Soap Skincare, 75 g",,25,,,,Personal Care,Hand & Body Wash,Body Wash,"Dettol Soap Skincare, 75 g",,,p599.jpg,,Dettol,1
PeC600,"Dettol Soap Original, 75 g",,24,,,,Personal Care,Hand & Body Wash,Body Wash,"Dettol Soap Original, 75 g",,,p600.jpg,,Dettol,1
PeC601,"Dettol Soap Skincare, Pack Of 3 U X 125 g",,111,,,,Personal Care,Hand & Body Wash,Body Wash,"Dettol Soap Skincare, Pack Of 3 U X 125 g",,,p601.jpg,,Dettol,1
PeC602,"Dettol Soap Original, Pack Of 3 U X 125 g",,111,,,,Personal Care,Hand & Body Wash,Body Wash,"Dettol Soap Original, Pack Of 3 U X 125 g",,,p602.jpg,,Dettol,1
PeC603,Dettol Hand Sanitizer,,199,,,,Personal Care,Hand & Body Wash,Body Wash,Dettol Hand Sanitizer,,,p603.jpg,,Dettol,1
PeC604,"Biotique Soap Basil & Parsley, 100 g",,64,,,,Personal Care,Hand & Body Wash,Body Wash,"Biotique Soap Basil & Parsley, 100 g",,,p604.jpg,,Biotique,1
PeC605,"Biotique Soap Bio Almond Oil, 100 g",,64,,,,Personal Care,Hand & Body Wash,Body Wash,"Biotique Soap Bio Almond Oil, 100 g",,,p605.jpg,,Biotique,1
PeC606,"Pears Soap Pure & Gentle, 125 g",,13,,,,Personal Care,Hand & Body Wash,Body Wash,"Pears Soap Pure & Gentle, 125 g",,,p606.jpg,,Pears,1
PeC607,"Santoor Soap Sandal & Almond, Pack of 24 X 54 g each",,297,,,,Personal Care,Hand & Body Wash,Body Wash,"Santoor Soap Sandal & Almond, Pack of 24 X 54 g each",,,p607.jpg,,Santoor,1
PeC608,"Dettol Skincare Soap, Pack Of 3 U X 125 g",,112,,,,Personal Care,Hand & Body Wash,Body Wash,"Dettol Skincare Soap, Pack Of 3 U X 125 g",,,p608.jpg,,Dettol,1
PeC609,"Dermicool Soap Cooling & Protection, 100 g",,23,,,,Personal Care,Hand & Body Wash,Body Wash,"Dermicool Soap Cooling & Protection, 100 g",,,p609.jpg,,Dermicool,1
PeC610,Krishna Thulasi Ayurvedic Soap 75 g,,21,,,,Personal Care,Hand & Body Wash,Body Wash,Krishna Thulasi Ayurvedic Soap 75 g,,,p610.jpg,,Krishna,1
PeC611,"Dettol Soap Skincare, Pack Of 3 U X 75 g",,63,,,,Personal Care,Hand & Body Wash,Body Wash,"Dettol Soap Skincare, Pack Of 3 U X 75 g",,,p611.jpg,,Dettol,1
PeC612,"Santoor Soap Sandal & Turmeric, Pack fo 4 X 150 g",,172,,,,Personal Care,Hand & Body Wash,Body Wash,"Santoor Soap Sandal & Turmeric, Pack fo 4 X 150 g",,,p612.jpg,,Santoor,1
PeC613,Park Avenue Luxury Fragrant Bathing Soap,,40,,,,Personal Care,Hand & Body Wash,Body Wash,Park Avenue Luxury Fragrant Bathing Soap,,,p613.jpg,,Park Avenue,1
PeC614,Himalaya Bathing Soap Almond and Rose 75..,,30,,,,Personal Care,Hand & Body Wash,Body Wash,Himalaya Bathing Soap Almond and Rose 75,,,p614.jpg,,Himalaya,1
PeC615,Patanjali Rose Kanti Body Cleanser Soap,,19,,,,Personal Care,Hand & Body Wash,Body Wash,Patanjali Rose Kanti Body Cleanser Soap,,,p615.jpg,,Patanjali,1
PeC616,Camay Bathing Soap Chic 3x125gm Carto,,111,,,,Personal Care,Hand & Body Wash,Body Wash,Camay Bathing Soap Chic 3x125gm Carto,,,p616.jpg,,Camay,1
PeC617,Patanjali  Haldi Chandan Kanti Body Clean,,13,,,,Personal Care,Hand & Body Wash,Body Wash,Patanjali  Haldi Chandan Kanti Body Clean,,,p617.jpg,,Patanjali,1
PeC618,"Santoor Hand Wash Essential Oils Pump, 250 ml",,72,,,,Personal Care,Hand & Body Wash,Hand Wash,"Santoor Hand Wash Essential Oils Pump, 250 ml",,,p618.jpg,,Santoor,1
PeC619,"Santoor Hand Wash Refill Essential Oils, 180 ml",,41,,,,Personal Care,Hand & Body Wash,Hand Wash,"Santoor Hand Wash Refill Essential Oils, 180 ml",,,p619.jpg,,Santoor,1
PeC620,"Lifebuoy Hand Wash Total, 80 ml",,25,,,,Personal Care,Hand & Body Wash,Hand Wash,"Lifebuoy Hand Wash Total, 80 ml",,,p620.jpg,,Lifebuoy,1
PeC621,"Santoor Hand Wash Refill Essential Oils, 900 ml",,170,,,,Personal Care,Hand & Body Wash,Hand Wash,"Santoor Hand Wash Refill Essential Oils, 900 ml",,,p621.jpg,,Santoor,1
PeC622,"Dettol Handwash Cool Refill, 185 ml",,39,,,,Personal Care,Hand & Body Wash,Hand Wash,"Dettol Handwash Cool Refill, 185 ml",,,p622.jpg,,Dettol,1
PeC623,"Dettol Handwash Cool Pump, 250 ml",,78,,,,Personal Care,Hand & Body Wash,Hand Wash,"Dettol Handwash Cool Pump, 250 ml",,,p623.jpg,,Dettol,1
PeC624,"Dettol Handwash Re-Energize Refill, 900 ml",,174,,,,Personal Care,Hand & Body Wash,Hand Wash,"Dettol Handwash Re-Energize Refill, 900 ml",,,p624.jpg,,Dettol,1
PeC625,"Dettol Handwash Orginal Refill, 185 ml",,38,,,,Personal Care,Hand & Body Wash,Hand Wash,"Dettol Handwash Orginal Refill, 185 ml",,,p625.jpg,,Dettol,1
PeC626,"Dettol Handwash Orginal Pump, 225 ml",,69,,,,Personal Care,Hand & Body Wash,Hand Wash,"Dettol Handwash Orginal Pump, 225 ml",,,p626.jpg,,Dettol,1
PeC627,"Dettol Handwash Skincare Refill, 185 ml",,38,,,,Personal Care,Hand & Body Wash,Hand Wash,"Dettol Handwash Skincare Refill, 185 ml",,,p627.jpg,,Dettol,1
PeC628,"Lifebuoy Handwash Nature Refill, 185 ml",,40,,,,Personal Care,Hand & Body Wash,Hand Wash,"Lifebuoy Handwash Nature Refill, 185 ml",,,p628.jpg,,Lifebuoy,1
PeC629,"Lifebuoy Handwash Total Refill, 900 ml",,155,,,,Personal Care,Hand & Body Wash,Hand Wash,"Lifebuoy Handwash Total Refill, 900 ml",,,p629.jpg,,Lifebuoy,1
PeC630,Lifebuoy Hand Sanitizer 55 ml,,60,,,,Personal Care,Hand & Body Wash,Hand Wash,Lifebuoy Hand Sanitizer 55 ml,,,p630.jpg,,Lifebuoy,1
PeC631,Dettol Hand Sanitizer 50 ml,,60,,,,Personal Care,Hand & Body Wash,Hand Wash,Dettol Hand Sanitizer 50 ml,,,p631.jpg,,Dettol,1
PeC632,"Dettol Handwash Skincare Pump, 225 ml",,69,,,,Personal Care,Hand & Body Wash,Hand Wash,"Dettol Handwash Skincare Pump, 225 ml",,,p632.jpg,,Dettol,1
PeC633,"Dettol Handwash Original Pump, 225 ml",,69,,,,Personal Care,Hand & Body Wash,Hand Wash,"Dettol Handwash Original Pump, 225 ml",,,p633.jpg,,Dettol,1
PeC634,"Lifebuoy Handwash Total Pump, 215 ml",,67,,,,Personal Care,Hand & Body Wash,Hand Wash,"Lifebuoy Handwash Total Pump, 215 ml",,,p634.jpg,,Lifebuoy,1
PeC635,"Dettol Handwash Skincare Refill, 900 ml",,170,,,,Personal Care,Hand & Body Wash,Hand Wash,"Dettol Handwash Skincare Refill, 900 ml",,,p635.jpg,,Dettol,1
PeC636,"Dettol Handwash Original Refill, 900 ml",,165,,,,Personal Care,Hand & Body Wash,Hand Wash,"Dettol Handwash Original Refill, 900 ml",,,p636.jpg,,Dettol,1
PeC637,"Dettol Handwash Skincare Refill, 900 ml",,165,,,,Personal Care,Hand & Body Wash,Hand Wash,"Dettol Handwash Skincare Refill, 900 ml",,,p637.jpg,,Dettol,1
PeC638,"Dettol Handwash Original Refill, 900 ml",,170,,,,Personal Care,Hand & Body Wash,Hand Wash,"Dettol Handwash Original Refill, 900 ml",,,p638.jpg,,Dettol,1
PeC639,"Dettol Hand Wash Original, Pack of 2 X 185 ml",,76,,,,Personal Care,Hand & Body Wash,Hand Wash,"Dettol Hand Wash Original, Pack of 2 X 185 ml",,,p639.jpg,,Dettol,1
PeC640,"Lifebuoy Hand Wash Care Pump, 215 ml",,55,,,,Personal Care,Hand & Body Wash,Hand Wash,"Lifebuoy Hand Wash Care Pump, 215 ml",,,p640.jpg,,Lifebuoy,1
PeC641,Godrej Protekt Hand Sanitizer 30 ml Bottle,,50,,,,Personal Care,Hand & Body Wash,Hand Wash,Godrej Protekt Hand Sanitizer 30 ml Bottle,,,p641.jpg,,Godrej,1
PeC642,Chandrika Handwash Regular Refill 3+1 Po??,,123,,,,Personal Care,Hand & Body Wash,Hand Wash,Chandrika Handwash Regular Refill 3+1 Po,,,p642.jpg,,Chandrika,1
PeC643,Lifebuoy Cool Fresh With Menthol Germ pro..,,69,,,,Personal Care,Hand & Body Wash,Hand Wash,Lifebuoy Cool Fresh With Menthol Germ pro,,,p643.jpg,,Lifebuoy,1
PeC644,Chandrika Handwash 900mI Jar,,170,,,,Personal Care,Hand & Body Wash,Hand Wash,Chandrika Handwash 900mI Jar,,,p644.jpg,,Chandrika,1
PeC645,"She Comfort Sanitary Napkin Maxi, Wings, XL, 7 U",,34,,,,Personal Care,Feminine Needs,,"She Comfort Sanitary Napkin Maxi, Wings, XL, 7 U",,,p645.jpg,,She Comfort,1
PeC646,"She Comfort Sanitary Napkin Select, Wings, 8 U",,29,,,,Personal Care,Feminine Needs,,"She Comfort Sanitary Napkin Select, Wings, 8 U",,,p646.jpg,,She Comfort,1
PeC647,"She Comfort Sanitary Napkin Select, Wings, Heavy Flow, XL...",,35,,,,Personal Care,Feminine Needs,,"She Comfort Sanitary Napkin Select, Wings, Heavy Flow, XL",,,p647.jpg,,She Comfort,1
PeC648,"Sofy Sanitary Napkin Body fit, Slim, XL, 28 Units",,220,,,,Personal Care,Feminine Needs,,"Sofy Sanitary Napkin Body fit, Slim, XL, 28 Units",,,p648.jpg,,Sofy,1
PeC649,"Sofy Sanitary Napkin Bodyfit Overnight, XXL 5 U",,79,,,,Personal Care,Feminine Needs,,"Sofy Sanitary Napkin Bodyfit Overnight, XXL 5 U",,,p649.jpg,,Sofy,1
PeC650,"Sofy Sanitary Napkin Dry XL Large, 12 U",,95,,,,Personal Care,Feminine Needs,,"Sofy Sanitary Napkin Dry XL Large, 12 U",,,p650.jpg,,Sofy,1
PeC651,"Sofy Sanitary Napkin Extra Large, 6 U",,35,,,,Personal Care,Feminine Needs,,"Sofy Sanitary Napkin Extra Large, 6 U",,,p651.jpg,,Sofy,1
PeC652,"Sofy Sanitary Napkin Regular, 8 U",,29,,,,Personal Care,Feminine Needs,,"Sofy Sanitary Napkin Regular, 8 U",,,p652.jpg,,Sofy,1
PeC653,"Stayfree Sanitary Napkin Dry Max, All Night , 7 U",,83,,,,Personal Care,Feminine Needs,,"Stayfree Sanitary Napkin Dry Max, All Night , 7 U",,,p653.jpg,,Stayfree,1
PeC654,"Stayfree Sanitary Napkin Dry Max, All Night, 14 U",,150,,,,Personal Care,Feminine Needs,,"Stayfree Sanitary Napkin Dry Max, All Night, 14 U",,,p654.jpg,,Stayfree,1
PeC655,"Stayfree Sanitary Napkin Dry Max, All Night, 28 U",,300,,,,Personal Care,Feminine Needs,,"Stayfree Sanitary Napkin Dry Max, All Night, 28 U",,,p655.jpg,,Stayfree,1
PeC656,"Stayfree Sanitary Napkin Dry Max, All Night, 8 U",,75,,,,Personal Care,Feminine Needs,,"Stayfree Sanitary Napkin Dry Max, All Night, 8 U",,,p656.jpg,,Stayfree,1
PeC657,"Stayfree Sanitary Napkin Secure Cottony Soft, 20 U",,70,,,,Personal Care,Feminine Needs,,"Stayfree Sanitary Napkin Secure Cottony Soft, 20 U",,,p657.jpg,,Stayfree,1
PeC658,"Stayfree Sanitary Napkin Secure Cottony Soft, 7 U",,37,,,,Personal Care,Feminine Needs,,"Stayfree Sanitary Napkin Secure Cottony Soft, 7 U",,,p658.jpg,,Stayfree,1
PeC659,"Stayfree Sanitary Napkin Secure Cottony Soft, 8 U",,30,,,,Personal Care,Feminine Needs,,"Stayfree Sanitary Napkin Secure Cottony Soft, 8 U",,,p659.jpg,,Stayfree,1
PeC660,"Stayfree Sanitary Napkin Secure dry, 7 U",,35,,,,Personal Care,Feminine Needs,,"Stayfree Sanitary Napkin Secure dry, 7 U",,,p660.jpg,,Stayfree,1
PeC661,"Stayfree Sanitary Napkin Secure dry, 8 U",,30,,,,Personal Care,Feminine Needs,,"Stayfree Sanitary Napkin Secure dry, 8 U",,,p661.jpg,,Stayfree,1
PeC662,"Stayfree Sanitary Napkin Secure Dry, XL with Wings, 7 U",,37,,,,Personal Care,Feminine Needs,,"Stayfree Sanitary Napkin Secure Dry, XL with Wings, 7 U",,,p662.jpg,,Stayfree,1
PeC663,"Stayfree Sanitary Napkin Ultra Thin, Pack of 16 U",,150,,,,Personal Care,Feminine Needs,,"Stayfree Sanitary Napkin Ultra Thin, Pack of 16 U",,,p663.jpg,,Stayfree,1
PeC664,"Whisper Sanitary Napkin Choice Non Wings, Pack of 6 X 8 U",,174,,,,Personal Care,Feminine Needs,,"Whisper Sanitary Napkin Choice Non Wings, Pack of 6 X 8 U",,,p664.jpg,,Whisper,1
PeC665,"Whisper Sanitary Napkin Choice Wings, Pack of 6 X 8 U",,46,,,,Personal Care,Feminine Needs,,"Whisper Sanitary Napkin Choice Wings, Pack of 6 X 8 U",,,p665.jpg,,Whisper,1
PeC666,"Whisper Sanitary Napkin Maxi, 15 U",,175,,,,Personal Care,Feminine Needs,,"Whisper Sanitary Napkin Maxi, 15 U",,,p666.jpg,,Whisper,1
PeC667,"Whisper Sanitary Napkin Maxi, 8 U",,77,,,,Personal Care,Feminine Needs,,"Whisper Sanitary Napkin Maxi, 8 U",,,p667.jpg,,Whisper,1
PeC668,"Whisper Sanitary Napkin Ultra Clean Wings, 30 U",,310,,,,Personal Care,Feminine Needs,,"Whisper Sanitary Napkin Ultra Clean Wings, 30 U",,,p668.jpg,,Whisper,1
PeC669,"Whisper Sanitary Napkin Ultra Soft Wings, 7 U",,85,,,,Personal Care,Feminine Needs,,"Whisper Sanitary Napkin Ultra Soft Wings, 7 U",,,p669.jpg,,Whisper,1
PeC670,"Whisper Sanitary Napkin Ultra Wings, 6 U",,40,,,,Personal Care,Feminine Needs,,"Whisper Sanitary Napkin Ultra Wings, 6 U",,,p670.jpg,,Whisper,1
PeC671,"Whisper Sanitary Napkin Ultra XL Wings, 15 U",,175,,,,Personal Care,Feminine Needs,,"Whisper Sanitary Napkin Ultra XL Wings, 15 U",,,p671.jpg,,Whisper,1
PeC672,"Whisper Sanitary Napkin Ultra XL Wings, 30 U",,330,,,,Personal Care,Feminine Needs,,"Whisper Sanitary Napkin Ultra XL Wings, 30 U",,,p672.jpg,,Whisper,1
PeC673,"Whisper Sanitary Napkin Ultra XL, 7 U",,78,,,,Personal Care,Feminine Needs,,"Whisper Sanitary Napkin Ultra XL, 7 U",,,p673.jpg,,Whisper,1
PeC674,"Whisper Sanitary Napkin Ultra, 15 U",,143,,,,Personal Care,Feminine Needs,,"Whisper Sanitary Napkin Ultra, 15 U",,,p674.jpg,,Whisper,1
PeC675,"Whisper Sanitary Napkin Ultra, Over Night, 30 U",,330,,,,Personal Care,Feminine Needs,,"Whisper Sanitary Napkin Ultra, Over Night, 30 U",,,p675.jpg,,Whisper,1
PeC676,Whisper Sanitary Napkins Ultra Nights XXXL Wings 3 Nos Pouch,,78,,,,Personal Care,Feminine Needs,,Whisper Sanitary Napkins Ultra Nights XXXL Wings 3 Nos Pouch,,,p676.jpg,,Whisper,1
PeC677,Whisper Choice Sanitary Napkins Regular With Wings 8 Nos Pouch,,32,,,,Personal Care,Feminine Needs,,Whisper Choice Sanitary Napkins Regular With Wings 8 Nos Pouch,,,p677.jpg,,Whisper,1
PeC678,Whisper Sanitary Napkins Ultra Soft L Wings 8 Nos Pouch,,80,,,,Personal Care,Feminine Needs,,Whisper Sanitary Napkins Ultra Soft L Wings 8 Nos Pouch,,,p678.jpg,,Whisper,1
PeC679,Whisper Sanitary Napkins Maxi Fit Regular 15 Nos Pouch,,138,,,,Personal Care,Feminine Needs,,Whisper Sanitary Napkins Maxi Fit Regular 15 Nos Pouch,,,p679.jpg,,Whisper,1
PeC680,Wishper Choice Sanitary Napkins Regular 8 Nos Pouch ,,29,,,,Personal Care,Feminine Needs,,Wishper Choice Sanitary Napkins Regular 8 Nos Pouch ,,,p680.jpg,,Whisper,1
PeC681,Carefree Super Dry 20 Liners Pouch,,85,,,,Personal Care,Feminine Needs,,Carefree Super Dry 20 Liners Pouch,,,p681.jpg,,Carefree,1
PeC682,Carefree Protection 10 Belted Sanitary Pads Pouch,,85,,,,Personal Care,Feminine Needs,,Carefree Protection 10 Belted Sanitary Pads Pouch,,,p682.jpg,,Carefree,1
PeC683,Bella Maxi Wings Drai 10+5 Pads Pouch,,82,,,,Personal Care,Feminine Needs,,Bella Maxi Wings Drai 10+5 Pads Pouch,,,p683.jpg,,Bella,1
PeC684,Safty Bodyfit Slim X Large 12 Nos,,95,,,,Personal Care,Feminine Needs,,Safty Bodyfit Slim X Large 12 Nos,,,p684.jpg,,Safty,1
PeC685,Safty Bodyfit Slim X Large 6 Nos,,49,,,,Personal Care,Feminine Needs,,Safty Bodyfit Slim X Large 6 Nos,,,p685.jpg,,Safty,1
PeC686,Bella Maxi Wings Softi Quick 15 Pads Pouch,,75,,,,Personal Care,Feminine Needs,,Bella Maxi Wings Softi Quick 15 Pads Pouch,,,p686.jpg,,Bella,1
PeC687,Bella Ultra XXL Sanitary Pads With Wings 9 Nos Pouch,,83,,,,Personal Care,Feminine Needs,,Bella Ultra XXL Sanitary Pads With Wings 9 Nos Pouch,,,p687.jpg,,Bella,1
PeC688,Carefree Super Dry 20 Liners Pouch,,85,,,,Personal Care,Feminine Needs,,Carefree Super Dry 20 Liners Pouch,,,p688.jpg,,Carefree,1
PeC689,Stayfree Secure Sanitary Napkins Ultra Dry With Wings 7 Nos Pouch,,37,,,,Personal Care,Feminine Needs,,Stayfree Secure Sanitary Napkins Ultra Dry With Wings 7 Nos Pouch,,,p689.jpg,,Stayfree,1
PeC690,Stayfree Secure Sanitary Napkins Ultra Dry With Wings 14 Nos Pouch,,65,,,,Personal Care,Feminine Needs,,Stayfree Secure Sanitary Napkins Ultra Dry With Wings 14 Nos Pouch,,,p690.jpg,,Stayfree,1
PeC691,Laser Cartridge Stroke DC 5 U,,55,,,,Personal Care,Grooming Needs,Blades Cartridge & Razors,Laser Cartridge Stroke DC 5 U,,,p691.jpg,,Laser,1
PeC692,"Cetwinn Blade ECO, Double Edge, Pack of 10 X 5 U each",,70,,,,Personal Care,Grooming Needs,Blades Cartridge & Razors,"Cetwinn Blade ECO, Double Edge, Pack of 10 X 5 U each",,,p692.jpg,,Cetwinn,1
PeC693,"Topaz Blade Platinum, Pack of 20 X 5 U each",,160,,,,Personal Care,Grooming Needs,Blades Cartridge & Razors,"Topaz Blade Platinum, Pack of 20 X 5 U each",,,p693.jpg,,Topaz,1
PeC694,Gillette Guard Cartridge Case of 96 U,,72,,,,Personal Care,Grooming Needs,Blades Cartridge & Razors,Gillette Guard Cartridge Case of 96 U,,,p694.jpg,,Gillette,1
PeC695,Supermax Cartridge S II,,35,,,,Personal Care,Grooming Needs,Blades Cartridge & Razors,Supermax Cartridge S II,,,p695.jpg,,Supermax,1
PeC696,Wilkinson Sword Shaving Blade Pack OF 20 U X 5s,,280,,,,Personal Care,Grooming Needs,Blades Cartridge & Razors,Wilkinson Sword Shaving Blade Pack OF 20 U X 5s,,,p696.jpg,,Wilkinson,1
PeC697,Supermax Shaving Blade Saloon Pack,,110,,,,Personal Care,Grooming Needs,Blades Cartridge & Razors,Supermax Shaving Blade Saloon Pack,,,p697.jpg,,Supermax,1
PeC698,"Zorrik Shaving Blade Super Stainless, Pack of 200 U",,70,,,,Personal Care,Grooming Needs,Blades Cartridge & Razors,"Zorrik Shaving Blade Super Stainless, Pack of 200 U",,,p698.jpg,,Zorrik,1
PeC699,Gillette Vector Plus Cartridge 4S,,72,,,,Personal Care,Grooming Needs,Blades Cartridge & Razors,Gillette Vector Plus Cartridge 4S,,,p699.jpg,,Gillette,1
PeC700,Gillette Vector Plus Cartridge 2S,,41,,,,Personal Care,Grooming Needs,Blades Cartridge & Razors,Gillette Vector Plus Cartridge 2S,,,p700.jpg,,Gillette,1
PeC701,"Gillette Mach 3 Cartridge Turbo, 8S",,870,,,,Personal Care,Grooming Needs,Blades Cartridge & Razors,"Gillette Mach 3 Cartridge Turbo, 8S",,,p701.jpg,,Gillette,1
PeC702,"New Swiss Blades Double Edge, Pack of 10 X 5 U each",,70,,,,Personal Care,Grooming Needs,Blades Cartridge & Razors,"New Swiss Blades Double Edge, Pack of 10 X 5 U each",,,p702.jpg,,New Swiss,1
PeC703,Gillette Sensorn Excel cartridge 5 nos ca?...,,449,,,,Personal Care,Grooming Needs,Blades Cartridge & Razors,Gillette Sensorn Excel cartridge 5 nos ca,,,p703.jpg,,Gillette,1
PeC704,Gillete Mach3 Turbo Pouch 1 Razor and 1?,,180,,,,Personal Care,Grooming Needs,Blades Cartridge & Razors,Gillete Mach3 Turbo Pouch 1 Razor and 1,,,p704.jpg,,Gillette,1
PeC705,Gillette Fusion Power cartridge 8 nos ca?.,,1399,,,,Personal Care,Grooming Needs,Blades Cartridge & Razors,Gillette Fusion Power cartridge 8 nos ca,,,p705.jpg,,Gillette,1
PeC706,Gillet Victor cartridge 4 nos carton,,49,,,,Personal Care,Grooming Needs,Blades Cartridge & Razors,Gillet Victor cartridge 4 nos carton,,,p706.jpg,,Gillette,1
PeC707,"Laser Razor Ultra, Pack of 20 X 10 U each",,400,,,,Personal Care,Grooming Needs,Blades Cartridge & Razors,"Laser Razor Ultra, Pack of 20 X 10 U each",,,p707.jpg,,Laser,1
PeC708,"Laser Razor Sports 3, Triple, Pack of 20 U",,360,,,,Personal Care,Grooming Needs,Blades Cartridge & Razors,"Laser Razor Sports 3, Triple, Pack of 20 U",,,p708.jpg,,Laser,1
PeC709,"Supermax Razor Hattrick ,Pack of 12 U",,240,,,,Personal Care,Grooming Needs,Blades Cartridge & Razors,"Supermax Razor Hattrick ,Pack of 12 U",,,p709.jpg,,Supermax,1
PeC710,Gillette Fusion Power Razor 1 U,,399,,,,Personal Care,Grooming Needs,Blades Cartridge & Razors,Gillette Fusion Power Razor 1 U,,,p710.jpg,,Gillette,1
PeC711,Supermax Razor Swift 3,,75,,,,Personal Care,Grooming Needs,Blades Cartridge & Razors,Supermax Razor Swift 3,,,p711.jpg,,Supermax,1
PeC712,Supermax Razor SII RC,,45,,,,Personal Care,Grooming Needs,Blades Cartridge & Razors,Supermax Razor SII RC,,,p712.jpg,,Supermax,1
PeC713,Gillette Presto Razor Pack of 12 U,,171,,,,Personal Care,Grooming Needs,Blades Cartridge & Razors,Gillette Presto Razor Pack of 12 U,,,p713.jpg,,Gillette,1
PeC714,Gillette Mach 3 Razor Turbo,,180,,,,Personal Care,Grooming Needs,Blades Cartridge & Razors,Gillette Mach 3 Razor Turbo,,,p714.jpg,,Gillette,1
PeC715,Gillette Guard Razor 1 U,,21,,,,Personal Care,Grooming Needs,Blades Cartridge & Razors,Gillette Guard Razor 1 U,,,p715.jpg,,Gillette,1
PeC716,Gillette Mach 3 Razor 1 U,,144,,,,Personal Care,Grooming Needs,Blades Cartridge & Razors,Gillette Mach 3 Razor 1 U,,,p716.jpg,,Gillette,1
PeC717,Gillette Presto Razor 5S,,76,,,,Personal Care,Grooming Needs,Blades Cartridge & Razors,Gillette Presto Razor 5 S,,,p717.jpg,,Gillette,1
PeC718,Gillette Vector Plus Razor 1 U,,44,,,,Personal Care,Grooming Needs,Blades Cartridge & Razors,Gillette Vector Plus Razor 1 U,,,p718.jpg,,Gillette,1
PeC719,"Laser Razor Disposable, Firm Grip, 5 U",,75,,,,Personal Care,Grooming Needs,Blades Cartridge & Razors,"Laser Razor Disposable, Firm Grip, 5 U",,,p719.jpg,,Laser,1
PeC720,Gillet Venus Saving Razor 1Nos Pack,,192,,,,Personal Care,Grooming Needs,Blades Cartridge & Razors,Gillet Venus Saving Razor 1Nos Pack,,,p720.jpg,,Gillette,1
PeC721,"Old Spice Shaving Cream Original, 70 g",,59,,,,Personal Care,Grooming Needs,Shaving Creams & Gels,"Old Spice Shaving Cream Original, 70 g",,,p721.jpg,,Old Spice,1
PeC722,"Old Spice After Shave Lotion Original Atomizer, 150 ml",,225,,,,Personal Care,Grooming Needs,Shaving Creams & Gels,"Old Spice After Shave Lotion Original Atomizer, 150 ml",,,p722.jpg,,Old Spice,1
PeC723,"Old Spice After Shave Lotion Original, 50 ml",,110,,,,Personal Care,Grooming Needs,Shaving Creams & Gels,"Old Spice After Shave Lotion Original, 50 ml",,,p723.jpg,,Old Spice,1
PeC724,"Park Avenue Shaving Travel Pack Good Morning, 70 g Shavin...",,163,,,,Personal Care,Grooming Needs,Shaving Creams & Gels,"Park Avenue Shaving Travel Pack Good Morning, 70 g Shavin",,,p724.jpg,,Park Avenue,1
PeC725,"Gillette Shave Gel Moist, 60 g",,74,,,,Personal Care,Grooming Needs,Shaving Creams & Gels,"Gillette Shave Gel Moist, 60 g",,,p725.jpg,,Gillette,1
PeC726,"Gillette Shave Gel Sensitive, 60 g",,74,,,,Personal Care,Grooming Needs,Shaving Creams & Gels,"Gillette Shave Gel Sensitive, 60 g",,,p726.jpg,,Gillette,1
PeC727,"Axe After Shave Lotion Pulse, 50 ml",,120,,,,Personal Care,Grooming Needs,Shaving Creams & Gels,"Axe After Shave Lotion Pulse, 50 ml",,,p727.jpg,,AXE,1
PeC728,"Axe Shaving Cream Denim, 78 g",,65,,,,Personal Care,Grooming Needs,Shaving Creams & Gels,"Axe Shaving Cream Denim, 78 g",,,p728.jpg,,AXE,1
PeC729,"Gillette Shave Gel Sensitive, 195 ml",,299,,,,Personal Care,Grooming Needs,Shaving Creams & Gels,"Gillette Shave Gel Sensitive, 195 ml",,,p729.jpg,,Gillette,1
PeC730,"Gillette Foam Sensitive, 418 g",,219,,,,Personal Care,Grooming Needs,Shaving Creams & Gels,"Gillette Foam Sensitive, 418 g",,,p730.jpg,,Gillette,1
PeC731,"Gillette Foam Regular, 418 g",,219,,,,Personal Care,Grooming Needs,Shaving Creams & Gels,"Gillette Foam Regular, 418 g",,,p731.jpg,,Gillette,1
PeC732,"Gillette Foam Regular, 196 g",,150,,,,Personal Care,Grooming Needs,Shaving Creams & Gels,"Gillette Foam Regular, 196 g",,,p732.jpg,,Gillette,1
PeC733,Nivea Shaving Gel Sensitive For Men 200,,239,,,,Personal Care,Grooming Needs,Shaving Creams & Gels,Nivea Shaving Gel Sensitive For Men 200,,,p733.jpg,,Nivea,1
PeC734,Gillet Saving Brush 1 Nos Pack ,,54,,,,Personal Care,Grooming Needs,Shaving Creams & Gels,Gillet Saving Brush 1 Nos Pack ,,,p734.jpg,,Gillette,1
PeC735,Gillet Saving Razer 1 Nos Pack ,,192,,,,Personal Care,Grooming Needs,Shaving Creams & Gels,Gillet Saving Razer 1 Nos Pack ,,,p735.jpg,,Gillette,1
PeC736,Gillette Mach 3 Shaving Cartridges 12 No,,975,,,,Personal Care,Grooming Needs,Shaving Creams & Gels,Gillette Mach 3 Shaving Cartridges 12 No,,,p736.jpg,,Gillette,1
PeC737,Adidas Deo Body Spray B2 G1 150ml Bottle,,398,,,,Personal Care,Deodorants & Fragrances,Men ,Adidas Deo Body Spray B2 G1 150ml Bottle,,,p737.jpg,,Adidas,1
PeC738,Adidas Deo Body Spray pure Game150 ml  Bottle,,199,,,,Personal Care,Deodorants & Fragrances,Men ,Adidas Deo Body Spray pure Game150 ml  Bottle,,,p738.jpg,,Adidas,1
PeC739,Adidas Deo Body Spray Team Force 150 ml Bottle,,199,,,,Personal Care,Deodorants & Fragrances,Men ,Adidas Deo Body Spray Team Force 150 ml Bottle,,,p739.jpg,,Adidas,1
PeC740,Adidas Deodorant Combo Pack Of 2 U X 150 ml,,347,,,,Personal Care,Deodorants & Fragrances,Men ,Adidas Deodorant Combo Pack Of 2 U X 150 ml,,,p740.jpg,,Adidas,1
PeC741,"Adidas Deodorant Ice Dive , 150 ml",,199,,,,Personal Care,Deodorants & Fragrances,Men ,"Adidas Deodorant Ice Dive , 150 ml",,,p741.jpg,,Adidas,1
PeC742,Aramusk Men Deodorant Spray Intense 150 ml Bottle,,180,,,,Personal Care,Deodorants & Fragrances,Men ,Aramusk Men Deodorant Spray Intense 150 ml Bottle,,,p742.jpg,,Aramusk,1
PeC743,Aramusk Men Deodorant Spray Musk 150 ml Bottle,,180,,,,Personal Care,Deodorants & Fragrances,Men ,Aramusk Men Deodorant Spray Musk 150 ml Bottle,,,p743.jpg,,Aramusk,1
PeC744,"Axe Body Perfume Intense, 122 ml",,225,,,,Personal Care,Deodorants & Fragrances,Men ,"Axe Body Perfume Intense, 122 ml",,,p744.jpg,,AXE,1
PeC745,"Axe Body Perfume Mysterious, 122 ml",,225,,,,Personal Care,Deodorants & Fragrances,Men ,"Axe Body Perfume Mysterious, 122 ml",,,p745.jpg,,AXE,1
PeC746,"Axe Body Perfume Rogue, 100 g",,225,,,,Personal Care,Deodorants & Fragrances,Men ,"Axe Body Perfume Rogue, 100 g",,,p746.jpg,,AXE,1
PeC747,Axe Deodoran Body Spray Apollo0 150ml Bottle,,183,,,,Personal Care,Deodorants & Fragrances,Men ,Axe Deodoran Body Spray Apollo0 150ml Bottle,,,p747.jpg,,AXE,1
PeC748,"Axe Deodorant Blast, 150 ml",,180,,,,Personal Care,Deodorants & Fragrances,Men ,"Axe Deodorant Blast, 150 ml",,,p748.jpg,,AXE,1
PeC749,Axe Deodorant Body Spray Dimension 150ml Bottle,,180,,,,Personal Care,Deodorants & Fragrances,Men ,Axe Deodorant Body Spray Dimension 150ml Bottle,,,p749.jpg,,AXE,1
PeC750,Axe Deodorant Body Spray Gold Temptation 150ml Bottle,,180,,,,Personal Care,Deodorants & Fragrances,Men ,Axe Deodorant Body Spray Gold Temptation 150ml Bottle,,,p750.jpg,,AXE,1
PeC751,Axe Deodorant Body Spray Marine 150ml Bottle,,180,,,,Personal Care,Deodorants & Fragrances,Men ,Axe Deodorant Body Spray Marine 150ml Bottle,,,p751.jpg,,AXE,1
PeC752,Axe Deodorant Body Spray Music Star 150ml Bottle,,180,,,,Personal Care,Deodorants & Fragrances,Men ,Axe Deodorant Body Spray Music Star 150ml Bottle,,,p752.jpg,,AXE,1
PeC753,Axe Deodorant Body Spray Provoke 150ml Bottle,,180,,,,Personal Care,Deodorants & Fragrances,Men ,Axe Deodorant Body Spray Provoke 150ml Bottle,,,p753.jpg,,AXE,1
PeC754,Axe Deodorant Body Spray Pulse 150ml Bottle,,180,,,,Personal Care,Deodorants & Fragrances,Men ,Axe Deodorant Body Spray Pulse 150ml Bottle,,,p754.jpg,,AXE,1
PeC755,Axe Deodorant Body Spray Wild Spice 150ml Bottle,,180,,,,Personal Care,Deodorants & Fragrances,Men ,Axe Deodorant Body Spray Wild Spice 150ml Bottle,,,p755.jpg,,AXE,1
PeC756,"Axe Deodorant Dark Temptation, 150 ml",,180,,,,Personal Care,Deodorants & Fragrances,Men ,"Axe Deodorant Dark Temptation, 150 ml",,,p756.jpg,,AXE,1
PeC757,Cinthol Deo Dive 200ml Bottle,,175,,,,Personal Care,Deodorants & Fragrances,Men ,Cinthol Deo Dive 200ml Bottle,,,p757.jpg,,Cinthol,1
PeC758,Cinthol Energy Deodorant Spray 200ml Bottle,,175,,,,Personal Care,Deodorants & Fragrances,Men ,Cinthol Energy Deodorant Spray 200ml Bottle,,,p758.jpg,,Cinthol,1
PeC759,Cinthol Play Deodorant Spray 150ml Bottle,,175,,,,Personal Care,Deodorants & Fragrances,Men ,Cinthol Play Deodorant Spray 150ml Bottle,,,p759.jpg,,Cinthol,1
PeC760,Engage XX2 Men Cologne Spray 165ml Bottle,,275,,,,Personal Care,Deodorants & Fragrances,Men ,Engage XX2 Men Cologne Spray 165ml Bottle,,,p760.jpg,,Engage,1
PeC761,Engage Deo Fuzz 165 ml Bottle,,180,,,,Personal Care,Deodorants & Fragrances,Men ,Engage Deo Fuzz 165 ml Bottle,,,p761.jpg,,Engage,1
PeC762,Engage Deodorant Spray Frost For Man 150 ml,,180,,,,Personal Care,Deodorants & Fragrances,Men ,Engage Deodorant Spray Frost For Man 150 ml,,,p762.jpg,,Engage,1
PeC763,Engage Deodorant Spray Jump For Man 150ml Bottle,,180,,,,Personal Care,Deodorants & Fragrances,Men ,Engage Deodorant Spray Jump For Man 150ml Bottle,,,p763.jpg,,Engage,1
PeC764,Engage Deodorant Spray Mate For Man 150ml Bottle,,180,,,,Personal Care,Deodorants & Fragrances,Men ,Engage Deodorant Spray Mate For Man 150ml Bottle,,,p764.jpg,,Engage,1
PeC765,Engage Deodorant Spray Rush For Man 150ml Bottle,,180,,,,Personal Care,Deodorants & Fragrances,Men ,Engage Deodorant Spray Rush For Man 150ml Bottle,,,p765.jpg,,Engage,1
PeC766,Engage Deodorant Spray Urge For Man 150ml Bottle,,180,,,,Personal Care,Deodorants & Fragrances,Men ,Engage Deodorant Spray Urge For Man 150ml Bottle,,,p766.jpg,,Engage,1
PeC767,Engage XX1 Men Cologne Spray 165 ml Bottle,,275,,,,Personal Care,Deodorants & Fragrances,Men ,Engage XX1 Men Cologne Spray 165 ml Bottle,,,p767.jpg,,Engage,1
PeC768,Engage XX3 Men Cologne Spray 165 ml Bottle,,275,,,,Personal Care,Deodorants & Fragrances,Men ,Engage XX3 Men Cologne Spray 165 ml Bottle,,,p768.jpg,,Engage,1
PeC769,"Eva Deodorant Doll, 125 ml",,130,,,,Personal Care,Deodorants & Fragrances,Men ,"Eva Deodorant Doll, 125 ml",,,p769.jpg,,Eva,1
PeC770,"Eva Deodorant Fresh, 125 ml",,160,,,,Personal Care,Deodorants & Fragrances,Men ,"Eva Deodorant Fresh, 125 ml",,,p770.jpg,,Eva,1
PeC771,"Eva Deodorant Sweet, 125 ml",,180,,,,Personal Care,Deodorants & Fragrances,Men ,"Eva Deodorant Sweet, 125 ml",,,p771.jpg,,Eva,1
PeC772,"Eva Deodorant Wild, 125 ml",,130,,,,Personal Care,Deodorants & Fragrances,Men ,"Eva Deodorant Wild, 125 ml",,,p772.jpg,,Eva,1
PeC773,"Eva Exotic Deodorant Velvet Wisps, 150 ml",,180,,,,Personal Care,Deodorants & Fragrances,Men ,"Eva Exotic Deodorant Velvet Wisps, 150 ml",,,p773.jpg,,Eva,1
PeC774,Fogg 1000 Spray Adventure Fragrance Body Spray 150ml Bottle,,225,,,,Personal Care,Deodorants & Fragrances,Men ,Fogg 1000 Spray Adventure Fragrance Body Spray 150ml Bottle,,,p774.jpg,,Fogg,1
PeC775,Fogg 1000 Spray Status Fragrance Body Spray 125ml Bottle,,225,,,,Personal Care,Deodorants & Fragrances,Men ,Fogg 1000 Spray Status Fragrance Body Spray 125ml Bottle,,,p775.jpg,,Fogg,1
PeC776,Fogg Body Spray Royal Fragrance For Men 120ml Bottle,,195,,,,Personal Care,Deodorants & Fragrances,Men ,Fogg Body Spray Royal Fragrance For Men 120ml Bottle,,,p776.jpg,,Fogg,1
PeC777,"Fogg Deodorant Bleu Series, 60 ml",,140,,,,Personal Care,Deodorants & Fragrances,Men ,"Fogg Deodorant Bleu Series, 60 ml",,,p777.jpg,,Fogg,1
PeC778,"Fogg Deodorant Marco, 120 ml",,195,,,,Personal Care,Deodorants & Fragrances,Men ,"Fogg Deodorant Marco, 120 ml",,,p778.jpg,,Fogg,1
PeC779,"Fogg Deodorant Napoleon, 120 ml",,195,,,,Personal Care,Deodorants & Fragrances,Men ,"Fogg Deodorant Napoleon, 120 ml",,,p779.jpg,,Fogg,1
PeC780,"Fogg Deodorant Reveal, 120 ml",,250,,,,Personal Care,Deodorants & Fragrances,Men ,"Fogg Deodorant Reveal, 120 ml",,,p780.jpg,,Fogg,1
PeC781,"Fogg Deodorant Spicy, 120 ml",,250,,,,Personal Care,Deodorants & Fragrances,Men ,"Fogg Deodorant Spicy, 120 ml",,,p781.jpg,,Fogg,1
PeC782,Jovan Deodorant Pack of 2 X 150 ml,,299,,,,Personal Care,Deodorants & Fragrances,Men ,Jovan Deodorant Pack of 2 X 150 ml,,,p782.jpg,,Jovan,1
PeC783,Jovan Musk Deo 150 ml Bottle,,170,,,,Personal Care,Deodorants & Fragrances,Men ,Jovan Musk Deo 150 ml Bottle,,,p783.jpg,,Jovan,1
PeC784,Jovan Sex Appeal Deo 150ml Bottle,,170,,,,Personal Care,Deodorants & Fragrances,Men ,Jovan Sex Appeal Deo 150ml Bottle,,,p784.jpg,,Jovan,1
PeC785,"Kamasutra Black Deodorant Single X, 120 ml",,250,,,,Personal Care,Deodorants & Fragrances,Men ,"Kamasutra Black Deodorant Single X, 120 ml",,,p785.jpg,,Kamasutra,1
PeC786,"Kamasutra Black Deodorant Triple XXX, 120 ml",,250,,,,Personal Care,Deodorants & Fragrances,Men ,"Kamasutra Black Deodorant Triple XXX, 120 ml",,,p786.jpg,,Kamasutra,1
PeC787,"Kamasutra Deodorant Combo, Pack of 2",,380,,,,Personal Care,Deodorants & Fragrances,Men ,"Kamasutra Deodorant Combo, Pack of 2",,,p787.jpg,,Kamasutra,1
PeC788,"Kamasutra Deodorant Spark, 150 ml",,190,,,,Personal Care,Deodorants & Fragrances,Men ,"Kamasutra Deodorant Spark, 150 ml",,,p788.jpg,,Kamasutra,1
PeC789,Kamasutra Deodorant Spray Dare For Men 150ml Bottle,,190,,,,Personal Care,Deodorants & Fragrances,Men ,Kamasutra Deodorant Spray Dare For Men 150ml Bottle,,,p789.jpg,,Kamasutra,1
PeC790,Kamasutra Deodorant Spray On For Men 150ml Bottle,,190,,,,Personal Care,Deodorants & Fragrances,Men ,Kamasutra Deodorant Spray On For Men 150ml Bottle,,,p790.jpg,,Kamasutra,1
PeC791,Kamasutra Deodorant Spray Rush For  Men 150ml Bottle,,190,,,,Personal Care,Deodorants & Fragrances,Men ,Kamasutra Deodorant Spray Rush For  Men 150ml Bottle,,,p791.jpg,,Kamasutra,1
PeC792,Kamasutra Deodorant Spray Woo For Men 150ml Bottle,,190,,,,Personal Care,Deodorants & Fragrances,Men ,Kamasutra Deodorant Spray Woo For Men 150ml Bottle,,,p792.jpg,,Kamasutra,1
PeC793,"Kamasutra Deodorant Urge, 150 ml",,190,,,,Personal Care,Deodorants & Fragrances,Men ,"Kamasutra Deodorant Urge, 150 ml",,,p793.jpg,,Kamasutra,1
PeC794,Kama Sutra Deodorant Spray Hard For Men 150 ml,,190,,,,Personal Care,Deodorants & Fragrances,Men ,Kama Sutra Deodorant Spray Hard For Men 150 ml,,,p794.jpg,,Kamasutra,1
PeC795,Nevea Fresh Power Charge Deodorant Spray For Men 150ml Bottle,,190,,,,Personal Care,Deodorants & Fragrances,Men ,Nevea Fresh Power Charge Deodorant Spray For Men 150ml Bottle,,,p795.jpg,,Nevea,1
PeC796,Nike Casual Edit Natural Spray For Man  75ml ,,799,,,,Personal Care,Deodorants & Fragrances,Men ,Nike Casual Edit Natural Spray For Man  75ml ,,,p796.jpg,,Nike,1
PeC797,Nike Deo Golden Edition Men & Woman Edit Spray 200ml Bottle,,569,,,,Personal Care,Deodorants & Fragrances,Men ,Nike Deo Golden Edition Men & Woman Edit Spray 200ml Bottle,,,p797.jpg,,Nike,1
PeC798,Nike Man 150 Party Zone Edit 150 ml Carton,,1099,,,,Personal Care,Deodorants & Fragrances,Men ,Nike Man 150 Party Zone Edit 150 ml Carton,,,p798.jpg,,Nike,1
PeC799,Nike Man Basic Natural Edit Spray 75ml Bottle,,1049,,,,Personal Care,Deodorants & Fragrances,Men ,Nike Man Basic Natural Edit Spray 75ml Bottle,,,p799.jpg,,Nike,1
PeC800,Nike Pure Edit Natural Spray For Man 75 ml,,799,,,,Personal Care,Deodorants & Fragrances,Men ,Nike Pure Edit Natural Spray For Man 75 ml,,,p800.jpg,,Nike,1
PeC801,Nike Ride Edit Natural Spray For Man 75ml Bottle,,799,,,,Personal Care,Deodorants & Fragrances,Men ,Nike Ride Edit Natural Spray For Man 75ml Bottle,,,p801.jpg,,Nike,1
PeC802,"Nivea Deodorant Fresh Natural, 150 ml",,180,,,,Personal Care,Deodorants & Fragrances,Men ,"Nivea Deodorant Fresh Natural, 150 ml",,,p802.jpg,,Nivea,1
PeC803,"Nivea Deodorant Whitening, 150 ml",,185,,,,Personal Care,Deodorants & Fragrances,Men ,"Nivea Deodorant Whitening, 150 ml",,,p803.jpg,,Nivea,1
PeC804,Nivea Fresh Active Rush Deodorants Spray 150ml,,190,,,,Personal Care,Deodorants & Fragrances,Men ,Nivea Fresh Active Rush Deodorants Spray 150ml,,,p804.jpg,,Nivea,1
PeC805,Nivea Fresh Power Boost Deodorant Spray 150ml bottle,,190,,,,Personal Care,Deodorants & Fragrances,Men ,Nivea Fresh Power Boost Deodorant Spray 150ml bottle,,,p805.jpg,,Nivea,1
PeC806,"Nivea Men Deodorant Cool Kick, 150 ml",,190,,,,Personal Care,Deodorants & Fragrances,Men ,"Nivea Men Deodorant Cool Kick, 150 ml",,,p806.jpg,,Nivea,1
PeC807,"Nivea Men Deodorant Fresh Active Burst, 150 ml",,199,,,,Personal Care,Deodorants & Fragrances,Men ,"Nivea Men Deodorant Fresh Active Burst, 150 ml",,,p807.jpg,,Nivea,1
PeC808,"Nivea Men Deodorant Fresh Active, 150 ml",,190,,,,Personal Care,Deodorants & Fragrances,Men ,"Nivea Men Deodorant Fresh Active, 150 ml",,,p808.jpg,,Nivea,1
PeC809,"Nivea Men Deodorant Fresh Power, 150 ml",,190,,,,Personal Care,Deodorants & Fragrances,Men ,"Nivea Men Deodorant Fresh Power, 150 ml",,,p809.jpg,,Nivea,1
PeC810,Nivea Sport Deodorant For Men 150ml Bottle,,175,,,,Personal Care,Deodorants & Fragrances,Men ,Nivea Sport Deodorant For Men 150ml Bottle,,,p810.jpg,,Nivea,1
PeC811,Park Avenue Deo Believe 100gm Bottle,,190,,,,Personal Care,Deodorants & Fragrances,Men ,Park Avenue Deo Believe 100gm Bottle,,,p811.jpg,,Park Avenue,1
PeC812,Park Avenue Deo Regal 150ml Bottle,,275,,,,Personal Care,Deodorants & Fragrances,Men ,Park Avenue Deo Regal 150ml Bottle,,,p812.jpg,,Park Avenue,1
PeC813,Park Avenue Deo Sharp 150ml Bottle,,275,,,,Personal Care,Deodorants & Fragrances,Men ,Park Avenue Deo Sharp 150ml Bottle,,,p813.jpg,,Park Avenue,1
PeC814,Park Avenue Deo Shots Pack of 8 X 40 ml,,472,,,,Personal Care,Deodorants & Fragrances,Men ,Park Avenue Deo Shots Pack of 8 X 40 ml,,,p814.jpg,,Park Avenue,1
PeC815,Park Avenue Deodorant Alpha 150 ml Bottle,,190,,,,Personal Care,Deodorants & Fragrances,Men ,Park Avenue Deodorant Alpha 150 ml Bottle,,,p815.jpg,,Park Avenue,1
PeC816,"Park Avenue Deodorant Cool Blue, 150 ml",,195,,,,Personal Care,Deodorants & Fragrances,Men ,"Park Avenue Deodorant Cool Blue, 150 ml",,,p816.jpg,,Park Avenue,1
PeC817,Park Avenue Deodorant Delve 150 ml Bottle,,180,,,,Personal Care,Deodorants & Fragrances,Men ,Park Avenue Deodorant Delve 150 ml Bottle,,,p817.jpg,,Park Avenue,1
PeC818,"Park Avenue Deodorant Good Morning, 150 ml",,190,,,,Personal Care,Deodorants & Fragrances,Men ,"Park Avenue Deodorant Good Morning, 150 ml",,,p818.jpg,,Park Avenue,1
PeC819,Park Avenue Deodorant I Q 150 ml Bottle,,185,,,,Personal Care,Deodorants & Fragrances,Men ,Park Avenue Deodorant I Q 150 ml Bottle,,,p819.jpg,,Park Avenue,1
PeC820,"Park Avenue Deodorant Icon, 150 ml",,275,,,,Personal Care,Deodorants & Fragrances,Men ,"Park Avenue Deodorant Icon, 150 ml",,,p820.jpg,,Park Avenue,1
PeC821,"Park Avenue Deodorant Storm, 150 ml",,195,,,,Personal Care,Deodorants & Fragrances,Men ,"Park Avenue Deodorant Storm, 150 ml",,,p821.jpg,,Park Avenue,1
PeC822,Park Avenue Deodorant Terra 150ml Bottle,,180,,,,Personal Care,Deodorants & Fragrances,Men ,Park Avenue Deodorant Terra 150ml Bottle,,,p822.jpg,,Park Avenue,1
PeC823,Park Avenue Deodorant Tranquli 150ml Bottle,,195,,,,Personal Care,Deodorants & Fragrances,Men ,Park Avenue Deodorant Tranquli 150ml Bottle,,,p823.jpg,,Park Avenue,1
PeC824,"Park Avenue Deodorant Voyage, 150 ml",,234,,,,Personal Care,Deodorants & Fragrances,Men ,"Park Avenue Deodorant Voyage, 150 ml",,,p824.jpg,,Park Avenue,1
PeC825,Playboy Deodorant Body Spray Malibu 150 ml Bottle,,199,,,,Personal Care,Deodorants & Fragrances,Men ,Playboy Deodorant Body Spray Malibu 150 ml Bottle,,,p825.jpg,,Playboy,1
PeC826,Playboy Deodorant Body Spray New York  150ml Bottle,,199,,,,Personal Care,Deodorants & Fragrances,Men ,Playboy Deodorant Body Spray New York  150ml Bottle,,,p826.jpg,,Playboy,1
PeC827,Playboy Fragranes & Body Spray For Men 3Nos Pack,,559,,,,Personal Care,Deodorants & Fragrances,Men ,Playboy Fragranes & Body Spray For Men 3Nos Pack,,,p827.jpg,,Playboy,1
PeC828,Playboy Hollywood Deo Spray 150ml Bottle,,199,,,,Personal Care,Deodorants & Fragrances,Men ,Playboy Hollywood Deo Spray 150ml Bottle,,,p828.jpg,,Playboy,1
PeC829,Provogue Power Play Deodorant Spray Perfume 100ml Bottle,,170,,,,Personal Care,Deodorants & Fragrances,Men ,Provogue Power Play Deodorant Spray Perfume 100ml Bottle,,,p829.jpg,,Provogue,1
PeC830,Provogue Seductive Appeal Deodorant Spray 100 ml Bottle,,170,,,,Personal Care,Deodorants & Fragrances,Men ,Provogue Seductive Appeal Deodorant Spray 100 ml Bottle,,,p830.jpg,,Provogue,1
PeC831,Provogue Wild Desire Deodorant Spray Perfume 100ml Bottle,,170,,,,Personal Care,Deodorants & Fragrances,Men ,Provogue Wild Desire Deodorant Spray Perfume 100ml Bottle,,,p831.jpg,,Provogue,1
PeC832,"Secret Temptation Deodorant Passion, 150 ml",,185,,,,Personal Care,Deodorants & Fragrances,Men ,"Secret Temptation Deodorant Passion, 150 ml",,,p832.jpg,,Secret,1
PeC833,"Secret Temptation Deodorant Romance, 150 ml",,185,,,,Personal Care,Deodorants & Fragrances,Men ,"Secret Temptation Deodorant Romance, 150 ml",,,p833.jpg,,Secret,1
PeC834,Set Wet Deodorant Spray Adventure 150 ml Bottle,,165,,,,Personal Care,Deodorants & Fragrances,Men ,Set Wet Deodorant Spray Adventure 150 ml Bottle,,,p834.jpg,,Set Wet,1
PeC835,Set Wet Deodorant Spray Macho 150 ml Bottle,,165,,,,Personal Care,Deodorants & Fragrances,Men ,Set Wet Deodorant Spray Macho 150 ml Bottle,,,p835.jpg,,Set Wet,1
PeC836,"Set Wet Style Deodorant Cool, 150 ml",,165,,,,Personal Care,Deodorants & Fragrances,Men ,"Set Wet Style Deodorant Cool, 150 ml",,,p836.jpg,,Set Wet,1
PeC837,"Set Wet Style Deodorant Sexy, 150 ml",,165,,,,Personal Care,Deodorants & Fragrances,Men ,"Set Wet Style Deodorant Sexy, 150 ml",,,p837.jpg,,Set Wet,1
PeC838,"Spinz Deodorant Enchante, 150 ml",,176,,,,Personal Care,Deodorants & Fragrances,Men ,"Spinz Deodorant Enchante, 150 ml",,,p838.jpg,,Spinz,1
PeC839,"Spinz Deodorant Hip Hop, 150 ml",,175,,,,Personal Care,Deodorants & Fragrances,Men ,"Spinz Deodorant Hip Hop, 150 ml",,,p839.jpg,,Spinz,1
PeC840,Spinz Deodorant Pack Of 2 X 150 ml,,280,,,,Personal Care,Deodorants & Fragrances,Men ,Spinz Deodorant Pack Of 2 X 150 ml,,,p840.jpg,,Spinz,1
PeC841,Wild Stone Deo Thunder 150 ml Bottle,,195,,,,Personal Care,Deodorants & Fragrances,Men ,Wild Stone Deo Thunder 150 ml Bottle,,,p841.jpg,,Wild Stone,1
PeC842,"Wild Stone Deodorant Aqua fresh, 150 ml",,195,,,,Personal Care,Deodorants & Fragrances,Men ,"Wild Stone Deodorant Aqua fresh, 150 ml",,,p842.jpg,,Wild Stone,1
PeC843,"Wild Stone Deodorant Forest Spice, 150 ml",,180,,,,Personal Care,Deodorants & Fragrances,Men ,"Wild Stone Deodorant Forest Spice, 150 ml",,,p843.jpg,,Wild Stone,1
PeC844,"Wild Stone Deodorant Red, 150 ml",,195,,,,Personal Care,Deodorants & Fragrances,Men ,"Wild Stone Deodorant Red, 150 ml",,,p844.jpg,,Wild Stone,1
PeC845,"Wild Stone Deodorant Ultra Sensual, 150 ml",,180,,,,Personal Care,Deodorants & Fragrances,Men ,"Wild Stone Deodorant Ultra Sensual, 150 ml",,,p845.jpg,,Wild Stone,1
PeC846,XLR8 Deodorant 150 ml,,175,,,,Personal Care,Deodorants & Fragrances,Men ,XLR8 Deodorant 150 ml,,,p846.jpg,,XLR8,1
PeC847,Yardley Deo 150 ml Bottle,,180,,,,Personal Care,Deodorants & Fragrances,Men ,Yardley Deo 150 ml Bottle,,,p847.jpg,,Yardley,1
PeC848,"Yardley Deodorant Gentleman, 150 ml",,190,,,,Personal Care,Deodorants & Fragrances,Men ,"Yardley Deodorant Gentleman, 150 ml",,,p848.jpg,,Yardley,1
PeC849,"Yardley Deodorant Gold, 150 ml",,190,,,,Personal Care,Deodorants & Fragrances,Men ,"Yardley Deodorant Gold, 150 ml",,,p849.jpg,,Yardley,1
PeC850,"Yardley Deodorant Lavender, 150 ml",,179.6,,,,Personal Care,Deodorants & Fragrances,Men ,"Yardley Deodorant Lavender, 150 ml",,,p850.jpg,,Yardley,1
PeC851,"Yardley Deodorant Rose, 150 ml",,180,,,,Personal Care,Deodorants & Fragrances,Men ,"Yardley Deodorant Rose, 150 ml",,,p851.jpg,,Yardley,1
PeC852,Yardley Elegance Deo 150 ml Bottle,,180,,,,Personal Care,Deodorants & Fragrances,Men ,Yardley Elegance Deo 150 ml Bottle,,,p852.jpg,,Yardley,1
PeC853,Adidas Deo Body Spray Floral Dream For Women 150 ml Bottle,,200,,,,Personal Care,Deodorants & Fragrances,Women,Adidas Deo Body Spray Floral Dream For Women 150 ml Bottle,,,p853.jpg,,Adidas,1
PeC854,Engage Deodorant Spray Trail For Women 165 ml Bottle,,180,,,,Personal Care,Deodorants & Fragrances,Women,Engage Deodorant Spray Trail For Women 165 ml Bottle,,,p854.jpg,,Engage,1
PeC855,Dove Go Fresh Grapefruit & Lemongrass Scene Deodorant 169 ml Bottle,,185,,,,Personal Care,Deodorants & Fragrances,Women,Dove Go Fresh Grapefruit & Lemongrass Scene Deodorant 169 ml Bottle,,,p855.jpg,,Dove,1
PeC856,Dove Go Fresh Cucumber & Green Tea Scent 169 ml Bottle,,185,,,,Personal Care,Deodorants & Fragrances,Women,Dove Go Fresh Cucumber & Green Tea Scent 169 ml Bottle,,,p856.jpg,,Dove,1
PeC857,Fogg Body Spray Delicious Fragrance For Women 120 ml Bottle,,195,,,,Personal Care,Deodorants & Fragrances,Women,Fogg Body Spray Delicious Fragrance For Women 120 ml Bottle,,,p857.jpg,,Fogg,1
PeC858,Dove Deodorant Body Spray Clear Toch 100 ml Bottle,,185,,,,Personal Care,Deodorants & Fragrances,Women,Dove Deodorant Body Spray Clear Toch 100 ml Bottle,,,p858.jpg,,Dove,1
PeC859,Santoor Perfumed Deo Spray Gold 150 ml Bottle,,180,,,,Personal Care,Deodorants & Fragrances,Women,Santoor Perfumed Deo Spray Gold 150 ml Bottle,,,p859.jpg,,Santoor,1
PeC860,Engage Deodorant Spray Blush For Women 165 ml; Bottle,,180,,,,Personal Care,Deodorants & Fragrances,Women,Engage Deodorant Spray Blush For Women 165 ml; Bottle,,,p860.jpg,,Engage,1
PeC861,Eva Deodorant Body Spray Blush 125 ml Bottle,,130,,,,Personal Care,Deodorants & Fragrances,Women,Eva Deodorant Body Spray Blush 125 ml Bottle,,,p861.jpg,,Eva,1
PeC862,Nike Woman Gift Set,,1249,,,,Personal Care,Deodorants & Fragrances,Women,Nike Woman Gift Set,,,p862.jpg,,Nike,1
PeC863,Dove Whitening Original Deo Spray 100 gm Bottle,,185,,,,Personal Care,Deodorants & Fragrances,Women,Dove Whitening Original Deo Spray 100 gm Bottle,,,p863.jpg,,Dove,1
PeC864,Engage Deodorant Spray Spell For Woman 165 ml Bottle,,180,,,,Personal Care,Deodorants & Fragrances,Women,Engage Deodorant Spray Spell For Woman 165 ml Bottle,,,p864.jpg,,Engage,1
PeC865,Santoor Temptaion Perfume Body Spray Affair 150 ml Bottle,,160,,,,Personal Care,Deodorants & Fragrances,Women,Santoor Temptaion Perfume Body Spray Affair 150 ml Bottle,,,p865.jpg,,Santoor,1
PeC866,Engage Deodorant Spray Tease For Woman 165 ml Bottle,,180,,,,Personal Care,Deodorants & Fragrances,Women,Engage Deodorant Spray Tease For Woman 165 ml Bottle,,,p866.jpg,,Engage,1
PeC867,Nike 150 Blue Fantasy Edit Natural Spray For Women 150 gm Bottle,,1099,,,,Personal Care,Deodorants & Fragrances,Women,Nike 150 Blue Fantasy Edit Natural Spray For Women 150 gm Bottle,,,p867.jpg,,Nike,1
PeC868,Fogg Body Spray Paradise For Women 120 ml Bottle,,195,,,,Personal Care,Deodorants & Fragrances,Women,Fogg Body Spray Paradise For Women 120 ml Bottle,,,p868.jpg,,Fogg,1
PeC869,Engage Deodorant Spray Drizzle For Woman 165 ml Bottle,,180,,,,Personal Care,Deodorants & Fragrances,Women,Engage Deodorant Spray Drizzle For Woman 165 ml Bottle,,,p869.jpg,,Engage,1
PeC870,Santoor Perfumed Deo Spray Bloom 150 ml  Bottle,,180,,,,Personal Care,Deodorants & Fragrances,Women,Santoor Perfumed Deo Spray Bloom 150 ml  Bottle,,,p870.jpg,,Santoor,1
PeC871,Jovan Deodorant Body Spray White Musk For Women 150 ml Bottle,,185,,,,Personal Care,Deodorants & Fragrances,Women,Jovan Deodorant Body Spray White Musk For Women 150 ml Bottle,,,p871.jpg,,Jovan,1
PeC872,Fogg Body Spray Essence Fragrant For Women 120 ml Bottle,,195,,,,Personal Care,Deodorants & Fragrances,Women,Fogg Body Spray Essence Fragrant For Women 120 ml Bottle,,,p872.jpg,,Fogg,1
PeC873,Nike Woman Original Edit Spray 75 ml Bottle,,799,,,,Personal Care,Deodorants & Fragrances,Women,Nike Woman Original Edit Spray 75 ml Bottle,,,p873.jpg,,Nike,1
PeC874,Nike Gold Edition Woman Edit 150 ml Carton,,1049,,,,Personal Care,Deodorants & Fragrances,Women,Nike Gold Edition Woman Edit 150 ml Carton,,,p874.jpg,,Nike,1
PeC875,Nivea Deodorant Fresh Natural Mist 150 ml Bottle,,180,,,,Personal Care,Deodorants & Fragrances,Women,Nivea Deodorant Fresh Natural Mist 150 ml Bottle,,,p875.jpg,,Nivea,1
PeC876,Nike 150 Blue Fantacy Edit Natural Spray For Women  150 gm Bottle,,1099,,,,Personal Care,Deodorants & Fragrances,Women,Nike 150 Blue Fantacy Edit Natural Spray For Women  150 gm Bottle,,,p876.jpg,,Nike,1
PeC877,Secret Temptation Perfume Body Spray Passion 150 ml Bottle,,185,,,,Personal Care,Deodorants & Fragrances,Women,Secret Temptation Perfume Body Spray Passion 150 ml Bottle,,,p877.jpg,,Secret,1
PeC878,Nike Woman 150 Scarlet Kiss Edit 150 ml Carton,,1099,,,,Personal Care,Deodorants & Fragrances,Women,Nike Woman 150 Scarlet Kiss Edit 150 ml Carton,,,p878.jpg,,Nike,1
PeC879,Nivea Deodorant Whitening Snstive 150 ml Bottle,,199,,,,Personal Care,Deodorants & Fragrances,Women,Nivea Deodorant Whitening Snstive 150 ml Bottle,,,p879.jpg,,Nivea,1
PeC880,Yardley Refreshing Body Spray Lily Of The Valley 150 ml Bottle,,180,,,,Personal Care,Deodorants & Fragrances,Women,Yardley Refreshing Body Spray Lily Of The Valley 150 ml Bottle,,,p880.jpg,,Yardley,1
PeC881,Spinz Perfumed Deodorant Black Magic 150 ml Bottle,,171,,,,Personal Care,Deodorants & Fragrances,Women,Spinz Perfumed Deodorant Black Magic 150 ml Bottle,,,p881.jpg,,Spinz,1
PeC882,Jovan Deodorant Body Spray Musk For Women 150 ml Bottle ,,185,,,,Personal Care,Deodorants & Fragrances,Women,Jovan Deodorant Body Spray Musk For Women 150 ml Bottle ,,,p882.jpg,,Jovan,1
PeC883,Nike Pure Edit Natural Spray For Woman 75 ml  Bottle,,799,,,,Personal Care,Deodorants & Fragrances,Women,Nike Pure Edit Natural Spray For Woman 75 ml  Bottle,,,p883.jpg,,Nike,1
PeC884,Spinz Perfumed Deodorant Samba 150 ml Bottle ,,171,,,,Personal Care,Deodorants & Fragrances,Women,Spinz Perfumed Deodorant Samba 150 ml Bottle ,,,p884.jpg,,Spinz,1
PeC885,Nivea Roll On Whitening For Women 50 ml Bottle,,175,,,,Personal Care,Deodorants & Fragrances,Women,Nivea Roll On Whitening For Women 50 ml Bottle,,,p885.jpg,,Nivea,1
PeC886,Yardley English Refreshing Body Spray Lavender 150 ml Bottle,,190,,,,Personal Care,Deodorants & Fragrances,Women,Yardley English Refreshing Body Spray Lavender 150 ml Bottle,,,p886.jpg,,Yardley,1
PeC887,Nike Woman 150 Hidder Desire 150 ml Carton,,1099,,,,Personal Care,Deodorants & Fragrances,Women,Nike Woman 150 Hidder Desire 150 ml Carton,,,p887.jpg,,Nike,1
PeC888,Santoor Poise Deo Spray 150 ml Bottle,,170,,,,Personal Care,Deodorants & Fragrances,Women,Santoor Poise Deo Spray 150 ml Bottle,,,p888.jpg,,Santoor,1
PeC889,Nivea Deodorant Pearl & Beauty 150ml  Bottle,,195,,,,Personal Care,Deodorants & Fragrances,Women,Nivea Deodorant Pearl & Beauty 150ml  Bottle,,,p889.jpg,,Nivea,1
PeC890,Playboy Play It Sexy Deo Spray For Women 150 mlBottle,,199,,,,Personal Care,Deodorants & Fragrances,Women,Playboy Play It Sexy Deo Spray For Women 150 mlBottle,,,p890.jpg,,Playboy,1
PeC891,Yardley Perfumed Deodorant Body Spray Lace 150 ml Bottle,,180,,,,Personal Care,Deodorants & Fragrances,Women,Yardley Perfumed Deodorant Body Spray Lace 150 ml Bottle,,,p891.jpg,,Yardley,1
PeC892,Nike Extreme Edit Natural Spray For Woman 75 ml Bottle,,799,,,,Personal Care,Deodorants & Fragrances,Women,Nike Extreme Edit Natural Spray For Woman 75 ml Bottle,,,p892.jpg,,Nike,1
PeC893,Santoor Perfumed Deo Spray Grace 150 ml  Bottle,,171,,,,Personal Care,Deodorants & Fragrances,Women,Santoor Perfumed Deo Spray Grace 150 ml  Bottle,,,p893.jpg,,Santoor,1
PeC894,Spinz Perfumed Deodorant Exotic 150 ml Bottle,,175,,,,Personal Care,Deodorants & Fragrances,Women,Spinz Perfumed Deodorant Exotic 150 ml Bottle,,,p894.jpg,,Spinz,1
PeC895,Yardley Refreshing Body Spray English Rose 150 ml Bottle,,190,,,,Personal Care,Deodorants & Fragrances,Women,Yardley Refreshing Body Spray English Rose 150 ml Bottle,,,p895.jpg,,Yardley,1
PeC896,Yardley Refreshing Body Spray Sanalwood 150 ml Bottle,,181,,,,Personal Care,Deodorants & Fragrances,Women,Yardley Refreshing Body Spray Sanalwood 150 ml Bottle,,,p896.jpg,,Yardley,1
PeC897,Yardley Refreshing Body Charming Princess 150 ml Bottle,,180,,,,Personal Care,Deodorants & Fragrances,Women,Yardley Refreshing Body Charming Princess 150 ml Bottle,,,p897.jpg,,Yardley,1
PeC898,Playboy It Rock Perfum Deodorant For Women 150 ml Bottle,,199,,,,Personal Care,Deodorants & Fragrances,Women,Playboy It Rock Perfum Deodorant For Women 150 ml Bottle,,,p898.jpg,,Playboy,1
PeC899,Yardley Refreshing Body Spray Morning Dew 150 ml Bottle,,190,,,,Personal Care,Deodorants & Fragrances,Women,Yardley Refreshing Body Spray Morning Dew 150 ml Bottle,,,p899.jpg,,Yardley,1
PeC900,Yardley Perfumed Deodorant Body Spray Lace 150 ml Bottle,,180,,,,Personal Care,Deodorants & Fragrances,Women,Yardley Perfumed Deodorant Body Spray Lace 150 ml Bottle,,,p900.jpg,,Yardley,1
